Country,Year,Nuclear,Solar,Wind,Hydroelectricity,Other,Oil,Coal,Gas
Canada,1965,0.1,0,0,118.1,0,0,0,0
Canada,1966,0.2,0,0,131,0,0,0,0
Canada,1967,0.2,0,0,133.9,0,0,0,0
Canada,1968,0.9,0,0,136.2,0,0,0,0
Canada,1969,0.5,0,0,150.6,0,0,0,0
Canada,1970,1,0,0,158.1,0,0,0,0
Canada,1971,4.3,0,0,162.5,0,0,0,0
Canada,1972,7.2,0,0,181.6,0,0,0,0
Canada,1973,15.3,0,0,194.7,0,0,0,0
Canada,1974,14.7,0,0,210.7,0,0,0,0
Canada,1975,12.6,0,0,202.5,0,0,0,0
Canada,1976,17.4,0,0,212.7,0.7,0,0,0
Canada,1977,26.3,0,0,220.1,1.1,0,0,0
Canada,1978,31.2,0,0,235.3,1.1,0,0,0
Canada,1979,35.3,0,0,244.1,1.3,0,0,0
Canada,1980,38,0,0,251.1,1.3,0,0,0
Canada,1981,40.1,0,0,266,1.9,0,0,0
Canada,1982,38.3,0,0,257.8,2.1,0,0,0
Canada,1983,48.6,0,0,266,2.1,0,0,0
Canada,1984,52.2,0,0,286.1,2.3,0,0,0
Canada,1985,60.5,0,0,303.6,1.7,6.8,79.4,6.8
Canada,1986,71.3,0,0,310.6,1.9,6.2,71.6,6.9
Canada,1987,77.3,0,0,316.2,2.3,10.1,84.2,6.2
Canada,1988,82.9,0,0,307.4,2.5,11.8,91.8,9.4
Canada,1989,79.3,0,0,290.4,3.5,18.2,91.7,14.8
Canada,1990,72.5,0,0,295.7,4,16.5,82.2,9.7
Canada,1991,84.3,0,0,307.3,4,14.1,88.5,8.6
Canada,1992,80,0,0.1,315.2,4.5,15.6,90,13.1
Canada,1993,93.3,0,0.1,322.2,4.8,12,82.4,15.3
Canada,1994,107.1,0,0.1,327.9,5.7,10.1,86.7,15.4
Canada,1995,97.2,0,0.1,334.1,7.1,6.3,91.6,20
Canada,1996,92.1,0,0.1,354.6,7.5,7.4,89.6,18.6
Canada,1997,82,0,0.1,348.7,8.2,12,96.9,22.8
Canada,1998,71,0,0.1,330.9,9,16.9,106,26.4
Canada,1999,73,0,0.2,345,8.9,14.8,106.2,27.9
Canada,2000,72.3,0,0.3,356.8,8.9,13.4,114.9,35.4
Canada,2001,76.2,0,0.3,331.5,9.7,15.9,110.5,41.8
Canada,2002,75,0,0.4,349.3,10,15.3,109.4,38.4
Canada,2003,74.4,0,0.7,336.1,9.4,19.1,108.4,38.3
Canada,2004,89.8,0,0.9,338.4,9.8,19,98.7,40
Canada,2005,91.4,0,1.6,362,9.2,16.5,101.6,40.1
Canada,2006,97.3,0,2.4,352.9,8.9,10.4,94.4,43.3
Canada,2007,92.8,0,3,367.6,9,12.1,104.6,45
Canada,2008,95.4,0,3.8,377.5,8,9.8,98.3,38.6
Canada,2009,89.5,0.1,6.6,368.7,8.9,9.8,82.5,44.1
Canada,2010,90,0.3,8.7,351.4,10.3,6.9,84,51.3
Canada,2011,92.9,0.6,10.2,375.7,10.2,6,77.6,60.7
Canada,2012,94.2,0.9,11.3,380.3,10.9,6.2,67.5,61.5
Canada,2013,102.7,1.5,11.1,391.8,11,6.5,68.6,58.6
Canada,2014,106.5,2.1,12.8,382.5,9.8,4.6,66.2,62.5
Canada,2015,101.1,2.9,27,382.2,10,5,62.1,68.6
Canada,2016,100.7,3.3,30.9,385.4,11.4,4.8,62.3,63.7
Canada,2017,100.6,3.6,31.5,394.6,10.9,3.9,60.1,58.8
Canada,2018,100,3.9,33.2,385.9,10,3.8,50.6,64.1
Canada,2019,100.5,4.3,34.2,382,10.8,4.1,54.6,69.3
Mexico,1965,0,0,0,8.9,0,0,0,0
Mexico,1966,0,0,0,10.1,0,0,0,0
Mexico,1967,0,0,0,11,0,0,0,0
Mexico,1968,0,0,0,12.6,0,0,0,0
Mexico,1969,0,0,0,13.4,0,0,0,0
Mexico,1970,0,0,0,15,0,0,0,0
Mexico,1971,0,0,0,14.6,0,0,0,0
Mexico,1972,0,0,0,15.5,0,0,0,0
Mexico,1973,0,0,0,16.4,0.2,0,0,0
Mexico,1974,0,0,0,16.7,0.5,0,0,0
Mexico,1975,0,0,0,15.2,0.5,0,0,0
Mexico,1976,0,0,0,17.3,0.6,0,0,0
Mexico,1977,0,0,0,19.2,0.6,0,0,0
Mexico,1978,0,0,0,16.2,0.6,0,0,0
Mexico,1979,0,0,0,18,1,0,0,0
Mexico,1980,0,0,0,16.9,0.9,0,0,0
Mexico,1981,0,0,0,24.6,1,0,0,0
Mexico,1982,0,0,0,22.9,1.3,0,0,0
Mexico,1983,0,0,0,20.7,1.4,0,0,0
Mexico,1984,0,0,0,23.6,1.4,0,0,0
Mexico,1985,0,0,0,28.4,1.6,55.1,3.9,7.2
Mexico,1986,0,0,0,21.3,3.4,60.9,6.4,7.7
Mexico,1987,0,0,0,19.3,4.4,66.2,7.3,9
Mexico,1988,0,0,0,21.8,4.6,69.4,8.1,8.3
Mexico,1989,0.4,0,0,25.4,4.7,72,7.9,9.8
Mexico,1990,2.9,0,0,24.5,5.1,64,7.8,13.2
Mexico,1991,4.2,0,0,22.6,5.8,67.7,9.2,18.9
Mexico,1992,3.9,0,0,26.8,6.4,66.8,9.5,18.8
Mexico,1993,4.9,0,0,26.7,6.5,65.9,11.6,19.1
Mexico,1994,4.2,0,0,20.3,6.2,79.7,14.3,21.4
Mexico,1995,8.4,0,0,27.6,6.4,70,15.5,22.4
Mexico,1996,7.9,0,0,31.3,6.2,71.5,18.5,21.2
Mexico,1997,10.5,0,0,26.4,5.9,82.5,18.4,23.1
Mexico,1998,9.3,0,0,24.6,6.1,92.3,18.7,30
Mexico,1999,10,0,0,32.7,6.1,89.7,18.6,32.9
Mexico,2000,8.2,0,0,33.1,6.4,96.6,19.1,40.3
Mexico,2001,8.7,0,0,28.4,6.2,92.7,23.2,50.9
Mexico,2002,9.7,0,0,24.9,6.1,79.3,26.1,69.6
Mexico,2003,10.5,0,0,19.9,6.9,70.8,30.9,80.6
Mexico,2004,9.2,0,0,25.2,7.3,73.9,23.8,92.4
Mexico,2005,10.8,0,0,27.7,8.1,72.7,32.8,86.5
Mexico,2006,10.9,0,0,30.4,7.5,53.8,31.7,116.1
Mexico,2007,10.4,0,0.2,27.3,8.2,51.5,31.6,128.8
Mexico,2008,9.8,0,0.3,39.2,7.9,52.9,21.3,131.3
Mexico,2009,10.5,0,0.6,26.7,7.5,48.8,29.4,138.2
Mexico,2010,5.9,0,1.2,37.2,7.4,43.8,32.4,143.8
Mexico,2011,10.1,0,1.6,36.3,7.4,48.8,33.8,151.7
Mexico,2012,8.8,0.1,3.7,31.9,6.8,55.7,34.2,153.6
Mexico,2013,11.8,0.1,4.2,28,7.3,47.7,31.7,165.5
Mexico,2014,9.7,0.2,6.4,38.9,7.1,32.5,33.8,174
Mexico,2015,11.6,0.2,8.7,30.9,7.4,31.2,33.8,186.2
Mexico,2016,10.6,0.3,10.4,30.7,7.3,33.5,34.4,192.3
Mexico,2017,10.9,1.2,10.6,31.8,7.7,38.9,30.9,193.6
Mexico,2018,13.6,3.2,13.1,32.5,7,35.7,29,194.6
Mexico,2019,11.3,12.4,17.6,23.8,7.8,37.7,26.3,205.6
US,1965,3.8,0,0,199,13.3,0,0,0
US,1966,5.8,0,0,199.9,14.1,0,0,0
US,1967,8.1,0,0,227.2,14.1,0,0,0
US,1968,13.2,0,0,228.2,15.5,0,0,0
US,1969,14.7,0,0,256,16.2,0,0,0
US,1970,23,0,0,253.5,16.2,0,0,0
US,1971,40.1,0,0,272.3,16.6,0,0,0
US,1972,56.9,0,0,278.7,18.7,0,0,0
US,1973,87.9,0,0,278.2,20,0,0,0
US,1974,120,0,0,307.3,20.4,0,0,0
US,1975,181.6,0,0,306.2,19.8,0,0,0
US,1976,201.2,0,0,289.8,22.6,0,0,0
US,1977,264.1,0,0,225.9,23.5,0,0,0
US,1978,291,0,0,286.3,24.7,0,0,0
US,1979,268.6,0,0,285.9,25.8,0,0,0
US,1980,264.3,0,0,282,26.7,0,0,0
US,1981,287,0,0,266.5,27.4,0,0,0
US,1982,297.7,0,0,315.5,26.4,0,0,0
US,1983,309.1,0,0,338.7,29.8,0,0,0
US,1984,344.9,0,0,327.6,35.6,0,0,0
US,1985,403.9,0,0,287.2,36.4,107.7,1507.7,313.9
US,1986,435.8,0,0,297,38.7,146.9,1490.1,267.2
US,1987,479.2,0,0,255.4,42.7,127.4,1574,293.1
US,1988,554.7,0,0,228.4,42.4,160.1,1656.6,271.8
US,1989,557.2,0.3,2.1,274.7,48.9,176.7,1711.4,379.2
US,1990,607.2,0.4,2.8,292.3,57.5,136,1725.2,400.8
US,1991,644.8,0.5,3,287.3,60.6,128.8,1722.5,410.3
US,1992,651.3,0.4,2.9,251.4,64.8,107.7,1757.5,434.5
US,1993,642.4,0.5,3,279.3,66.9,121.3,1831.2,446.2
US,1994,674.1,0.5,3.5,259.3,66.4,113.9,1832.3,494.9
US,1995,708.8,0.5,3.2,311.2,63.3,80.2,1853,533.4
US,1996,710.2,0.5,3.3,347.5,64.8,87.5,1945.8,489.3
US,1997,661.7,0.5,3.3,356,65.8,99.5,1998.2,515.5
US,1998,709.2,0.5,3.1,322.1,65.6,138.5,2029,571.2
US,1999,766.6,0.5,4.5,316.6,66.5,126.9,2037.9,598.3
US,2000,793.6,0.5,5.6,272.8,66.6,119.6,2129.3,646.3
US,2001,809.3,0.6,6.8,210.2,66.8,134.3,2057,687.2
US,2002,821.1,0.6,10.5,258.2,71.8,101.7,2091,743
US,2003,803.9,0.6,11.3,270,71.3,128.4,2139.1,698.8
US,2004,830,0.7,14.3,262.6,71.9,130.3,2143.6,763.5
US,2005,823.1,0.7,18,266.4,72.6,131.4,2178.9,818.2
US,2006,828.7,0.8,26.9,285.5,73.1,69,2155.6,877.9
US,2007,848.9,1.1,34.8,243,73.9,70.7,2182.7,964.1
US,2008,848.6,1.6,55.9,251.1,73.6,49.7,2147.9,949.4
US,2009,840.9,2.1,74.6,271.5,73.2,41.9,1899.5,990.3
US,2010,849.4,3,95.6,257.3,75.1,39.9,1998.5,1062
US,2011,831.8,4.7,121.4,316.1,75.8,32.5,1876.3,1090
US,2012,809.8,9,142.2,274,77,24.9,1640.8,1318.2
US,2013,830.5,16,169.5,266.5,80.7,29.2,1713.9,1209.5
US,2014,839.1,29.2,183.5,255.8,84.1,32.5,1713.7,1211.4
US,2015,839.1,39.4,192.6,246.5,83.7,30.4,1468.3,1433.9
US,2016,848.1,55.4,229.3,263.8,82.7,26,1346.2,1482.1
US,2017,847.3,78.1,256.9,296.8,82.8,23,1310,1394
US,2018,849.6,94.3,275.4,289.5,81.9,27.1,1246.7,1579.3
US,2019,852,108.4,303.1,271.2,78.3,20,1053.5,1700.9
Argentina,1965,0,0,0,1.2,0,0,0,0
Argentina,1966,0,0,0,1.2,0,0,0,0
Argentina,1967,0,0,0,1.3,0,0,0,0
Argentina,1968,0,0,0,1.5,0,0,0,0
Argentina,1969,0,0,0,1.3,0,0,0,0
Argentina,1970,0,0,0,1.6,0,0,0,0
Argentina,1971,0,0,0,1.5,0,0,0,0
Argentina,1972,0,0,0,1.5,0.1,0,0,0
Argentina,1973,0,0,0,3,0,0,0,0
Argentina,1974,1,0,0,5,0.1,0,0,0
Argentina,1975,2.5,0,0,5.2,0.1,0,0,0
Argentina,1976,2.6,0,0,5,0.1,0,0,0
Argentina,1977,1.6,0,0,5.8,0.1,0,0,0
Argentina,1978,2.9,0,0,7.8,0.1,0,0,0
Argentina,1979,2.7,0,0,10.7,0.1,0,0,0
Argentina,1980,2.3,0,0,15.1,0.1,0,0,0
Argentina,1981,2.8,0,0,14.7,0.1,0,0,0
Argentina,1982,1.9,0,0,17.6,0.1,0,0,0
Argentina,1983,3.4,0,0,18.4,0.1,0,0,0
Argentina,1984,4.6,0,0,19.9,0.1,0,0,0
Argentina,1985,5.8,0,0,20.6,0.1,5.7,0.6,12.5
Argentina,1986,5.7,0,0,21,0.1,7.9,1,13.3
Argentina,1987,6.5,0,0,21.8,0.1,10.1,1,12.6
Argentina,1988,5.8,0,0,15,0.1,8.6,1.6,20.6
Argentina,1989,5,0,0,13,0.1,7.2,0.9,24.3
Argentina,1990,7.3,0,0,17.9,0.1,4.9,0.7,19.8
Argentina,1991,7.8,0,0,16.2,0.1,7.6,0.9,21
Argentina,1992,7.1,0,0,19.8,0.1,7.7,0.8,20.4
Argentina,1993,7.8,0,0,23.6,0.1,6.7,1.2,22.3
Argentina,1994,8.2,0,0,28,0.1,4.6,2.3,22.1
Argentina,1995,7.1,0,0,28.5,0.1,4.6,1.9,24.9
Argentina,1996,7.5,0,0,25.9,0.4,4.6,1.9,29.4
Argentina,1997,8,0,0,33,0.4,2,1.9,26.9
Argentina,1998,7.5,0,0,32.4,0.5,3.8,1.8,28
Argentina,1999,7.1,0,0,26.5,0.7,3.8,2.1,40.2
Argentina,2000,6.2,0,0,34,0.7,2.9,1.8,43.3
Argentina,2001,7.1,0,0,41.9,0.6,1,1.4,38.1
Argentina,2002,5.8,0,0.1,41.5,0.9,0.8,0.8,34.8
Argentina,2003,7.6,0,0.1,39.1,1,1,0.9,42.3
Argentina,2004,7.9,0,0.1,35.4,0.9,4,1.7,50.2
Argentina,2005,6.9,0,0.1,39.4,1.1,5.7,2.2,50.2
Argentina,2006,7.7,0,0.1,43.6,1.6,8,2,50.2
Argentina,2007,7.3,0,0.1,37.7,1.6,11,2.3,53.2
Argentina,2008,7.4,0,0,37.2,1.7,14.4,1.9,58.9
Argentina,2009,8.2,0,0,40.8,1.7,14.3,1.8,55.1
Argentina,2010,7.2,0,0,40.5,2,16.7,3,56.2
Argentina,2011,6.4,0,0,39.6,2.2,19,2.9,59
Argentina,2012,6.4,0,0.4,36.9,2.5,19.2,2.6,67.5
Argentina,2013,6.2,0,0.5,40.7,2.5,20.8,2.4,65.8
Argentina,2014,5.5,0,0.6,40.9,2.3,19.1,2.5,66.8
Argentina,2015,7,0,0.6,41.8,2.4,22,2.4,68.4
Argentina,2016,8.3,0,0.5,38.3,2,20.7,1.9,74.8
Argentina,2017,6.1,0,0.6,41.5,2.4,11.7,2.1,80.6
Argentina,2018,6.9,0.1,1.4,41.6,2.5,6.7,2.1,84.9
Argentina,2019,8.4,0.8,5,37.1,2.4,2.8,0.7,82.3
Brazil,1965,0,0,0,25.5,0,0,0,0
Brazil,1966,0,0,0,27.9,0,0,0,0
Brazil,1967,0,0,0,29.2,0,0,0,0
Brazil,1968,0,0,0,30.6,0,0,0,0
Brazil,1969,0,0,0,32.7,0,0,0,0
Brazil,1970,0,0,0,39.8,0.5,0,0,0
Brazil,1971,0,0,0,43.2,0.6,0,0,0
Brazil,1972,0,0,0,50.7,0.7,0,0,0
Brazil,1973,0,0,0,57.9,0.8,0,0,0
Brazil,1974,0,0,0,65.7,0.8,0,0,0
Brazil,1975,0,0,0,72.3,0.9,0,0,0
Brazil,1976,0,0,0,82.9,0.9,0,0,0
Brazil,1977,0,0,0,93.5,1.1,0,0,0
Brazil,1978,0,0,0,102.7,1.3,0,0,0
Brazil,1979,0,0,0,116.6,1.8,0,0,0
Brazil,1980,0,0,0,128.9,1.8,0,0,0
Brazil,1981,0,0,0,130.8,1.9,0,0,0
Brazil,1982,0,0,0,141.1,2.2,0,0,0
Brazil,1983,0,0,0,151.5,3,0,0,0
Brazil,1984,1.6,0,0,166.6,2.9,0,0,0
Brazil,1985,3.4,0,0,178.4,3.1,3.9,4.9,0
Brazil,1986,0.1,0,0,182.4,3.2,10.2,6.2,0
Brazil,1987,1,0,0,185.6,3.6,7.8,5.4,0
Brazil,1988,0.6,0,0,199.1,3.3,7.2,4.7,0
Brazil,1989,1.8,0,0,204.7,3.4,6.2,5.4,0.2
Brazil,1990,2.2,0,0,206.7,3.9,5.1,4.6,0.3
Brazil,1991,1.4,0,0,217.8,4,5.2,5.5,0.4
Brazil,1992,1.8,0,0,223.3,4.9,6.3,5,0.4
Brazil,1993,0.4,0,0,235.1,5,6.2,4.9,0.4
Brazil,1994,0.1,0,0,242.7,5.4,6.4,5,0.5
Brazil,1995,2.5,0,0,253.9,5.6,7.6,5.4,0.6
Brazil,1996,2.4,0,0,265.8,6.8,9.3,6,1
Brazil,1997,3.2,0,0,279,7.4,10,7.3,1.2
Brazil,1998,3.3,0,0,291.5,7.5,11.2,7,1.3
Brazil,1999,4,0,0,293,8.4,16.6,10.1,2.7
Brazil,2000,6,0,0,304.4,7.9,15.2,11.3,4.1
Brazil,2001,14.3,0,0,267.9,9,15.9,11.5,9.9
Brazil,2002,13.8,0,0.1,286.1,10.2,13.5,9.5,12.4
Brazil,2003,13.4,0,0.1,305.6,11.9,10.8,9.5,13.1
Brazil,2004,11.6,0,0.1,320.8,12.5,12.3,10.9,19.3
Brazil,2005,9.9,0,0.1,337.5,13.6,11.7,11.5,18.8
Brazil,2006,13.8,0,0.2,348.8,14.8,12.4,11.2,18.3
Brazil,2007,12.3,0,0.7,374,18.1,13.3,11.3,15.5
Brazil,2008,14,0,1.2,369.6,19.8,17.5,12.2,28.8
Brazil,2009,13,0,1.2,391,22.9,14.4,10.3,13.3
Brazil,2010,14.5,0,2.2,403.3,31.9,15.7,11.7,36.5
Brazil,2011,15.7,0,2.7,428.3,32.6,14.2,13.2,25.1
Brazil,2012,16,0,5.1,415.3,35.8,18.8,14.8,46.8
Brazil,2013,15.4,0,6.6,391,41,25.5,22.3,69
Brazil,2014,15.4,0,12.2,373.4,47.1,34.1,27.3,81.1
Brazil,2015,14.7,0.1,21.6,359.7,49.9,28.3,27.4,79.5
Brazil,2016,15.9,0.1,33.5,380.9,51.3,14.6,26.1,56.5
Brazil,2017,15.7,0.8,42.4,370.9,52.9,15.2,25.8,65.6
Brazil,2018,15.7,3.5,48.5,389,54.4,12.2,23.7,54.6
Brazil,2019,16.2,5.6,55.8,399.3,56.3,7.9,25.7,58.9
Austria,1965,0,0,0,16.1,0,0,0,0
Austria,1966,0,0,0,17.3,0,0,0,0
Austria,1967,0,0,0,17.7,0,0,0,0
Austria,1968,0,0,0,18.2,0,0,0,0
Austria,1969,0,0,0,16.7,0,0,0,0
Austria,1970,0,0,0,21.3,0,0,0,0
Austria,1971,0,0,0,16.8,0,0,0,0
Austria,1972,0,0,0,17.3,0,0,0,0
Austria,1973,0,0,0,19.2,0,0,0,0
Austria,1974,0,0,0,22.7,0,0,0,0
Austria,1975,0,0,0,23.8,0,0,0,0
Austria,1976,0,0,0,20.6,0,0,0,0
Austria,1977,0,0,0,24.9,0,0,0,0
Austria,1978,0,0,0,24.9,0,0,0,0
Austria,1979,0,0,0,28.1,0,0,0,0
Austria,1980,0,0,0,29.1,0,0,0,0
Austria,1981,0,0,0,30.8,0,0,0,0
Austria,1982,0,0,0,30.9,0,0,0,0
Austria,1983,0,0,0,30.6,0,0,0,0
Austria,1984,0,0,0,26.8,0,0,0,0
Austria,1985,0,0,0,30.8,0,0,0,0
Austria,1986,0,0,0,30.9,1.3,0,0,0
Austria,1987,0,0,0,35.4,0.9,0,0,0
Austria,1988,0,0,0,35.3,1,0,0,0
Austria,1989,0,0,0,35.1,1.1,0,0,0
Austria,1990,0,0,0,31.5,1.1,0,0,0
Austria,1991,0,0,0,31.4,1.2,0,0,0
Austria,1992,0,0,0,34.8,1.3,0,0,0
Austria,1993,0,0,0,36.7,1.4,0,0,0
Austria,1994,0,0,0,35.7,1.2,0,0,0
Austria,1995,0,0,0,37.1,1.9,0,0,0
Austria,1996,0,0,0,34.2,1.6,0,0,0
Austria,1997,0,0,0,36.1,1.7,0,0,0
Austria,1998,0,0,0,37.2,1.8,0,0,0
Austria,1999,0,0,0.1,40.7,1.6,0,0,0
Austria,2000,0,0,0.1,41.8,1.5,0,0,0
Austria,2001,0,0,0.2,40.5,1.7,0,0,0
Austria,2002,0,0,0.2,40.2,1.5,0,0,0
Austria,2003,0,0,0.4,33.2,1.7,0,0,0
Austria,2004,0,0,0.9,36.8,2.1,0,0,0
Austria,2005,0,0,1.3,37.1,2.4,0,0,0
Austria,2006,0,0,1.8,35.7,3.2,0,0,0
Austria,2007,0,0,2,37.1,4.1,0,0,0
Austria,2008,0,0,2,38.3,4.3,0,0,0
Austria,2009,0,0,2,40.9,4.3,0,0,0
Austria,2010,0,0.1,2.1,38.4,4.5,0,0,0
Austria,2011,0,0.2,1.9,34.2,4.5,0,0,0
Austria,2012,0,0.3,2.5,43.8,4.6,0,0,0
Austria,2013,0,0.6,3.2,42,4.6,0,0,0
Austria,2014,0,0.8,3.8,41,4.3,0,0,0
Austria,2015,0,0.9,4.8,37.1,4.5,0,0,0
Austria,2016,0,1.1,5.2,39.8,4.7,0,0,0
Austria,2017,0,1.3,6.6,38.3,4.9,0,0,0
Austria,2018,0,1.4,6,37.6,4.9,0,0,0
Austria,2019,0,1.4,7.4,40.7,4.8,0,0,0
Belgium,1965,0,0,0,0.3,0,0,0,0
Belgium,1966,0,0,0,0.3,0,0,0,0
Belgium,1967,0.1,0,0,0.2,0,0,0,0
Belgium,1968,0.1,0,0,0.2,0,0,0,0
Belgium,1969,0,0,0,0.2,0,0,0,0
Belgium,1970,0.1,0,0,0.2,0,0,0,0
Belgium,1971,0,0,0,0.1,0,0,0,0
Belgium,1972,0,0,0,0.2,0,0,0,0
Belgium,1973,0.1,0,0,0.2,0.1,0,0,0
Belgium,1974,0.1,0,0,0.2,0.1,0,0,0
Belgium,1975,6.8,0,0,0.2,0.1,0,0,0
Belgium,1976,10,0,0,0.1,0.1,0,0,0
Belgium,1977,11.9,0,0,0.2,0.2,0,0,0
Belgium,1978,12.5,0,0,0.2,0.3,0,0,0
Belgium,1979,11.4,0,0,0.2,0.3,0,0,0
Belgium,1980,12.5,0,0,0.3,0.3,0,0,0
Belgium,1981,12.9,0,0,0.4,0.3,0,0,0
Belgium,1982,15.7,0,0,0.3,0,0,0,0
Belgium,1983,24.1,0,0,0.3,0,0,0,0
Belgium,1984,27.7,0,0,0.4,0,0,0,0
Belgium,1985,34.6,0,0,0.3,0.1,0,0,0
Belgium,1986,39.4,0,0,0.3,0.1,0,0,0
Belgium,1987,42,0,0,0.4,0.1,0,0,0
Belgium,1988,43.1,0,0,0.4,0.2,0,0,0
Belgium,1989,41.2,0,0,0.3,0.2,0,0,0
Belgium,1990,42.7,0,0,0.3,0.3,0,0,0
Belgium,1991,42.9,0,0,0.2,0.3,0,0,0
Belgium,1992,43.5,0,0,0.3,0.3,0,0,0
Belgium,1993,41.9,0,0,0.3,0.2,0,0,0
Belgium,1994,40.6,0,0,0.3,0.2,0,0,0
Belgium,1995,41.4,0,0,0.3,0.3,0,0,0
Belgium,1996,43.3,0,0,0.2,0.3,0,0,0
Belgium,1997,47.4,0,0,0.3,0.3,0,0,0
Belgium,1998,46.2,0,0,0.4,0.4,0,0,0
Belgium,1999,49,0,0,0.3,0.5,0,0,0
Belgium,2000,48.2,0,0,0.5,0.6,0,0,0
Belgium,2001,46.3,0,0,0.4,0.6,0,0,0
Belgium,2002,47.4,0,0.1,0.4,0.7,0,0,0
Belgium,2003,47.4,0,0.1,0.2,0.9,0,0,0
Belgium,2004,47.3,0,0.1,0.3,1,0,0,0
Belgium,2005,47.6,0,0.2,0.3,1.6,0,0,0
Belgium,2006,46.6,0,0.4,0.4,2.2,0,0,0
Belgium,2007,48.2,0,0.5,0.4,2.6,0,0,0
Belgium,2008,45.6,0,0.6,0.4,3.3,0,0,0
Belgium,2009,47.2,0.2,1,0.3,3.9,0,0,0
Belgium,2010,47.9,0.6,1.3,0.3,4.3,0,0,0
Belgium,2011,48.2,1.2,2.3,0.2,4.7,0,0,0
Belgium,2012,40.3,2.1,2.8,0.4,5.2,0,0,0
Belgium,2013,42.6,2.6,3.7,0.4,5,0,0,0
Belgium,2014,33.7,2.9,4.6,0.3,4.5,0,0,0
Belgium,2015,26.1,3.1,5.6,0.3,5.6,0,0,0
Belgium,2016,43.5,3.1,5.4,0.4,5.5,0,0,0
Belgium,2017,42.2,3.3,6.5,0.3,5.8,0,0,0
Belgium,2018,28.6,3.9,7.5,0.3,5.5,0,0,0
Belgium,2019,43.8,3.9,9.5,0.3,5.1,0,0,0
Bulgaria,1965,0,0,0,2,0,0,0,0
Bulgaria,1966,0,0,0,2,0,0,0,0
Bulgaria,1967,0,0,0,2,0,0,0,0
Bulgaria,1968,0,0,0,1.3,0,0,0,0
Bulgaria,1969,0,0,0,1.8,0,0,0,0
Bulgaria,1970,0,0,0,2.2,0,0,0,0
Bulgaria,1971,0,0,0,2.2,0,0,0,0
Bulgaria,1972,0,0,0,2.1,0,0,0,0
Bulgaria,1973,0,0,0,2.6,0,0,0,0
Bulgaria,1974,0.9,0,0,2.1,0,0,0,0
Bulgaria,1975,2.6,0,0,2.5,0,0,0,0
Bulgaria,1976,5,0,0,3,0,0,0,0
Bulgaria,1977,5.9,0,0,3.5,0,0,0,0
Bulgaria,1978,5.9,0,0,2.9,0,0,0,0
Bulgaria,1979,6.2,0,0,3.3,0,0,0,0
Bulgaria,1980,6.2,0,0,3.7,0,0,0,0
Bulgaria,1981,9.1,0,0,3.6,0,0,0,0
Bulgaria,1982,10.7,0,0,3.1,0,0,0,0
Bulgaria,1983,12.3,0,0,3.4,0,0,0,0
Bulgaria,1984,12.7,0,0,3.3,0,0,0,0
Bulgaria,1985,13.1,0,0,2.2,0,0,0,0
Bulgaria,1986,12.1,0,0,2.3,0,0,0,0
Bulgaria,1987,12.4,0,0,2.5,0,0,0,0
Bulgaria,1988,16,0,0,2.6,0,0,0,0
Bulgaria,1989,14.6,0,0,2.7,0,0,0,0
Bulgaria,1990,14.7,0,0,1.9,0,0,0,0
Bulgaria,1991,13.2,0,0,2.4,0,0,0,0
Bulgaria,1992,11.6,0,0,2.1,0,0,0,0
Bulgaria,1993,14,0,0,1.9,0,0,0,0
Bulgaria,1994,15.3,0,0,1.5,0,0,0,0
Bulgaria,1995,17.3,0,0,2.3,0,0,0,0
Bulgaria,1996,18.1,0,0,2.9,0,0,0,0
Bulgaria,1997,17.8,0,0,2.8,0,0,0,0
Bulgaria,1998,16.9,0,0,3.1,0,0,0,0
Bulgaria,1999,15.8,0,0,2.8,0,0,0,0
Bulgaria,2000,18.2,0,0,2.7,0,0,0,0
Bulgaria,2001,19.6,0,0,1.7,0,0,0,0
Bulgaria,2002,20.2,0,0,2.2,0,0,0,0
Bulgaria,2003,17.3,0,0,3,0,0,0,0
Bulgaria,2004,16.8,0,0,3.2,0,0,0,0
Bulgaria,2005,18.7,0,0,4.3,0,0,0,0
Bulgaria,2006,19.5,0,0,4.2,0,0,0,0
Bulgaria,2007,14.6,0,0,2.9,0,0,0,0
Bulgaria,2008,15.8,0,0.1,2.8,0,0,0,0
Bulgaria,2009,15.3,0,0.2,3.5,0,0,0,0
Bulgaria,2010,15.2,0,0.7,5.1,0,0,0,0
Bulgaria,2011,16.3,0.1,0.9,2.9,0.1,0,0,0
Bulgaria,2012,15.8,0.8,1.2,3.2,0.1,0,0,0
Bulgaria,2013,14.2,1.4,1.4,4.1,0.1,0,0,0
Bulgaria,2014,15.9,1.3,1.3,4.6,0.2,0,0,0
Bulgaria,2015,15.4,1.4,1.5,5.7,0.3,0,0,0
Bulgaria,2016,15.8,1.4,1.4,3.9,0.4,0,0,0
Bulgaria,2017,15.5,1.4,1.5,2.8,0.4,0,0,0
Bulgaria,2018,16.1,1.3,1.3,5.1,1.5,0,0,0
Bulgaria,2019,16.6,1.8,1.3,3.4,1.2,0,0,0
Croatia,1990,0,0,0,3.8,0,0,0,0
Croatia,1991,0,0,0,5.9,0,0,0,0
Croatia,1992,0,0,0,4.3,0,0,0,0
Croatia,1993,0,0,0,4.6,0,0,0,0
Croatia,1994,0,0,0,5.4,0,0,0,0
Croatia,1995,0,0,0,5.7,0,0,0,0
Croatia,1996,0,0,0,7.9,0,0,0,0
Croatia,1997,0,0,0,5.9,0,0,0,0
Croatia,1998,0,0,0,6,0,0,0,0
Croatia,1999,0,0,0,7.3,0,0,0,0
Croatia,2000,0,0,0,6.5,0,0,0,0
Croatia,2001,0,0,0,7.2,0,0,0,0
Croatia,2002,0,0,0,5.9,0,0,0,0
Croatia,2003,0,0,0,5.5,0,0,0,0
Croatia,2004,0,0,0,7.6,0,0,0,0
Croatia,2005,0,0,0,7,0,0,0,0
Croatia,2006,0,0,0,6.6,0,0,0,0
Croatia,2007,0,0,0,4.7,0,0,0,0
Croatia,2008,0,0,0,5.8,0,0,0,0
Croatia,2009,0,0,0.1,7.4,0,0,0,0
Croatia,2010,0,0,0.1,9.1,0,0,0,0
Croatia,2011,0,0,0.2,5,0.1,0,0,0
Croatia,2012,0,0,0.3,4.8,0.1,0,0,0
Croatia,2013,0,0,0.5,8.6,0.1,0,0,0
Croatia,2014,0,0,0.7,9,0.2,0,0,0
Croatia,2015,0,0.1,0.8,6.4,0.3,0,0,0
Croatia,2016,0,0.1,1,6.9,0.4,0,0,0
Croatia,2017,0,0.1,1.2,5.3,0.5,0,0,0
Croatia,2018,0,0.1,1.3,7.7,0.7,0,0,0
Croatia,2019,0,0.1,1.4,5.8,0.9,0,0,0
Czech Republic,1965,0,0,0,2.2,0,0,0,0
Czech Republic,1966,0,0,0,2.1,0,0,0,0
Czech Republic,1967,0,0,0,1.9,0,0,0,0
Czech Republic,1968,0,0,0,1.5,0,0,0,0
Czech Republic,1969,0,0,0,1.2,0,0,0,0
Czech Republic,1970,0,0,0,1.7,0,0,0,0
Czech Republic,1971,0,0,0,1.2,0,0,0,0
Czech Republic,1972,0,0,0,1.3,0,0,0,0
Czech Republic,1973,0,0,0,1.1,0,0,0,0
Czech Republic,1974,0,0,0,1.8,0,0,0,0
Czech Republic,1975,0,0,0,1.8,0,0,0,0
Czech Republic,1976,0,0,0,1.4,0,0,0,0
Czech Republic,1977,0,0,0,2,0,0,0,0
Czech Republic,1978,0,0,0,1.8,0,0,0,0
Czech Republic,1979,0,0,0,2.3,0,0,0,0
Czech Republic,1980,0,0,0,2.4,0,0,0,0
Czech Republic,1981,0,0,0,2.1,0,0,0,0
Czech Republic,1982,0,0,0,1.7,0,0,0,0
Czech Republic,1983,0.2,0,0,1.7,0,0,0,0
Czech Republic,1984,1.2,0,0,1.3,0,0,0,0
Czech Republic,1985,2.4,0,0,1.7,0,0,0,0
Czech Republic,1986,6.1,0,0,1.9,0,0,0,0
Czech Republic,1987,10.7,0,0,2.5,0,0,0,0
Czech Republic,1988,11.8,0,0,2.1,0,0,0,0
Czech Republic,1989,12.4,0,0,1.6,0,0,0,0
Czech Republic,1990,12.6,0,0,1.2,0,0,0,0
Czech Republic,1991,12.1,0,0,1.1,0,0,0,0
Czech Republic,1992,12.3,0,0,1.4,0,0,0,0
Czech Republic,1993,12.6,0,0,1.4,0.2,0,0,0
Czech Republic,1994,13,0,0,1.5,0.3,0,0,0
Czech Republic,1995,12.2,0,0,2,0.4,0,0,0
Czech Republic,1996,12.9,0,0,2,0.3,0,0,0
Czech Republic,1997,12.5,0,0,1.7,0.5,0,0,0
Czech Republic,1998,13.2,0,0,1.4,0.6,0,0,0
Czech Republic,1999,13.4,0,0,1.7,0.7,0,0,0
Czech Republic,2000,13.6,0,0,1.8,0.5,0,0,0
Czech Republic,2001,14.7,0,0,2.1,0.5,0,0,0
Czech Republic,2002,18.7,0,0,2.5,0.5,0,0,0
Czech Republic,2003,25.9,0,0,1.4,0.5,0,0,0
Czech Republic,2004,26.3,0,0,2,0.6,0,0,0
Czech Republic,2005,24.7,0,0,2.4,0.6,0,0,0
Czech Republic,2006,26,0,0,2.6,0.9,0,0,0
Czech Republic,2007,26.2,0,0.1,2.1,1.2,0,0,0
Czech Republic,2008,26.6,0,0.2,2,1.5,0,0,0
Czech Republic,2009,27.2,0.1,0.3,2.4,1.9,0,0,0
Czech Republic,2010,28,0.6,0.3,2.8,2.1,0,0,0
Czech Republic,2011,28.3,2.1,0.4,2.1,2.7,0,0,0
Czech Republic,2012,30.3,2.2,0.4,2.2,3.4,0,0,0
Czech Republic,2013,30.7,2.1,0.5,2.9,4,0,0,0
Czech Republic,2014,30.3,2.1,0.5,1.9,4.7,0,0,0
Czech Republic,2015,26.8,2.3,0.6,1.8,4.8,0,0,0
Czech Republic,2016,24.1,2.1,0.5,2,4.8,0,0,0
Czech Republic,2017,28.3,2.2,0.6,1.9,5,0,0,0
Czech Republic,2018,29.9,2.3,0.6,1.6,4.8,0,0,0
Czech Republic,2019,30.2,2.3,0.7,2,4.9,0,0,0
Estonia,2005,0,0,0.1,0,0,0,0,0
Estonia,2006,0,0,0.1,0,0,0,0,0
Estonia,2007,0,0,0.1,0,0,0,0,0
Estonia,2008,0,0,0.1,0,0,0,0,0
Estonia,2009,0,0,0.2,0,0.3,0,0,0
Estonia,2010,0,0,0.3,0,0.7,0,0,0
Estonia,2011,0,0,0.4,0,0.8,0,0,0
Estonia,2012,0,0,0.4,0,1,0,0,0
Estonia,2013,0,0,0.5,0,0.7,0,0,0
Estonia,2014,0,0,0.6,0,0.7,0,0,0
Estonia,2015,0,0,0.7,0,0.8,0,0,0
Estonia,2016,0,0,0.6,0,0.9,0,0,0
Estonia,2017,0,0,0.7,0,1.7,0,0,0
Estonia,2018,0,0,0.6,0,1.2,0,0,0
Estonia,2019,0,0.1,0.7,0,1.2,0,0,0
Finland,1965,0,0,0,9.4,0,0,0,0
Finland,1966,0,0,0,10.4,0,0,0,0
Finland,1967,0,0,0,11.6,0,0,0,0
Finland,1968,0,0,0,10.5,0,0,0,0
Finland,1969,0,0,0,8.7,0,0,0,0
Finland,1970,0,0,0,9.5,0,0,0,0
Finland,1971,0,0,0,10.7,0,0,0,0
Finland,1972,0,0,0,10.4,0,0,0,0
Finland,1973,0,0,0,10.6,0,0,0,0
Finland,1974,0,0,0,12.7,0,0,0,0
Finland,1975,0,0,0,12.2,0,0,0,0
Finland,1976,0,0,0,9.5,0,0,0,0
Finland,1977,2.6,0,0,12.2,0,0,0,0
Finland,1978,3.2,0,0,9.8,0,0,0,0
Finland,1979,6.7,0,0,10.9,0,0,0,0
Finland,1980,7,0,0,10.2,0,0,0,0
Finland,1981,14.6,0,0,13.7,0,0,0,0
Finland,1982,16.7,0,0,13.1,0,0,0,0
Finland,1983,17.6,0,0,13.6,0,0,0,0
Finland,1984,18.7,0,0,13.2,0,0,0,0
Finland,1985,18.9,0,0,12.3,0,0,0,0
Finland,1986,18.9,0,0,12.4,0,0,0,0
Finland,1987,19.5,0,0,13.8,0,0,0,0
Finland,1988,19.4,0,0,13.4,0,0,0,0
Finland,1989,19,0,0,13,0,0,0,0
Finland,1990,19.1,0,0,10.9,5.2,0,0,0
Finland,1991,19.4,0,0,13.2,5,0,0,0
Finland,1992,19.1,0,0,15.1,5,0,0,0
Finland,1993,19.8,0,0,13.5,6,0,0,0
Finland,1994,19.3,0,0,11.8,6.5,0,0,0
Finland,1995,19.1,0,0,12.9,6.6,0,0,0
Finland,1996,19.7,0,0,11.8,5.9,0,0,0
Finland,1997,21.1,0,0,11.9,7.9,0,0,0
Finland,1998,22.1,0,0,14.9,9.3,0,0,0
Finland,1999,23.2,0,0,12.7,8.4,0,0,0
Finland,2000,22.7,0,0.1,14.6,8.6,0,0,0
Finland,2001,23,0,0.1,13.1,8.2,0,0,0
Finland,2002,22.5,0,0.1,10.7,8.9,0,0,0
Finland,2003,23,0,0.1,9.6,9.3,0,0,0
Finland,2004,23,0,0.1,15,10.4,0,0,0
Finland,2005,23.5,0,0.2,13.6,9.5,0,0,0
Finland,2006,23.2,0,0.2,11.4,10.8,0,0,0
Finland,2007,23.7,0,0.2,14.1,9.9,0,0,0
Finland,2008,23.2,0,0.3,17.1,10.4,0,0,0
Finland,2009,23.8,0,0.3,12.7,8.7,0,0,0
Finland,2010,23,0,0.3,12.9,11,0,0,0
Finland,2011,23.4,0,0.5,12.4,11.2,0,0,0
Finland,2012,23.2,0,0.5,16.8,11.1,0,0,0
Finland,2013,23.9,0,0.8,12.8,11.9,0,0,0
Finland,2014,23.8,0,1.1,13.4,11.7,0,0,0
Finland,2015,23.5,0,2.3,16.8,11.3,0,0,0
Finland,2016,23.5,0,3.1,15.8,11.4,0,0,0
Finland,2017,22.7,0,4.8,14.8,11.2,0,0,0
Finland,2018,21.9,0.1,5.8,13.1,12.2,0,0,0
Finland,2019,22.9,0.2,6,12.3,12.2,0,0,0
France,1965,0.9,0,0,46.9,0,0,0,0
France,1966,1.4,0,0,52.2,0.4,0,0,0
France,1967,2.1,0,0,45.4,0.6,0,0,0
France,1968,3.1,0,0,50.4,0.9,0,0,0
France,1969,3.6,0,0,52.9,1.1,0,0,0
France,1970,5.7,0,0,56.7,1.4,0,0,0
France,1971,9.3,0,0,48.9,1.4,0,0,0
France,1972,14.6,0,0,48.8,1.5,0,0,0
France,1973,14.8,0,0,47.7,1.6,0,0,0
France,1974,14.7,0,0,56.2,1.6,0,0,0
France,1975,18.2,0,0,60.1,1.4,0,0,0
France,1976,15.8,0,0,48.6,1.3,0,0,0
France,1977,17.9,0,0,76.3,1.4,0,0,0
France,1978,30.5,0,0,68.4,1.4,0,0,0
France,1979,40,0,0,66.4,1.5,0,0,0
France,1980,61.3,0,0,69.5,1.5,0,0,0
France,1981,105.3,0,0,72.2,1.5,0,0,0
France,1982,108.9,0,0,70.6,1.5,0,0,0
France,1983,144.3,0,0,69.4,1.6,0,0,0
France,1984,191.2,0,0,65.7,1.6,0,0,0
France,1985,224.1,0,0,62.5,1.7,0,0,0
France,1986,254.2,0,0,63,1.7,0,0,0
France,1987,265.5,0,0,71.1,1.8,0,0,0
France,1988,275.5,0,0,77.1,1.8,0,0,0
France,1989,303.9,0,0,46.8,1.8,0,0,0
France,1990,314.1,0,0,53.9,1.9,0,0,0
France,1991,331.3,0,0,57.6,2.1,0,0,0
France,1992,338.4,0,0,69,2.1,0,0,0
France,1993,368.2,0,0,64.9,2,0,0,0
France,1994,360,0,0,78.8,2.2,0,0,0
France,1995,377.2,0,0,73.1,2.3,0,0,0
France,1996,397.3,0,0,66,2.4,0,0,0
France,1997,395.5,0,0,63.8,2.7,0,0,0
France,1998,388,0,0,62.1,2.7,0,0,0
France,1999,394.2,0,0,72.5,2.9,0,0,0
France,2000,415.2,0,0,66.4,3,0,0,0
France,2001,421.1,0,0.1,74.3,3.3,0,0,0
France,2002,436.8,0,0.3,60.4,3.5,0,0,0
France,2003,441.1,0,0.4,58.9,3.7,0,0,0
France,2004,448.2,0,0.6,59.6,3.8,0,0,0
France,2005,451.5,0,1,51.5,3.9,0,0,0
France,2006,450.2,0,2.2,56.3,3.8,0,0,0
France,2007,439.7,0,4.1,57.6,4.2,0,0,0
France,2008,439.4,0,5.7,63.7,4.4,0,0,0
France,2009,409.7,0.2,7.9,57,4.6,0,0,0
France,2010,428.5,0.6,9.9,62.7,4.9,0,0,0
France,2011,442.4,2.1,12.1,44.8,5.5,0,0,0
France,2012,425.4,4,14.9,58.7,5.4,0,0,0
France,2013,423.7,4.7,16,70.7,5.4,0,0,0
France,2014,436.5,5.9,17.2,62.8,5.8,0,0,0
France,2015,437.4,7.3,21.2,54.4,6.5,0,0,0
France,2016,403.2,8.2,21.4,60,7.6,0,0,0
France,2017,398.4,9.2,24.3,49.2,8,0,0,0
France,2018,413.8,10.3,28.1,63.9,8.5,0,0,0
France,2019,399.4,11.7,34.5,58.5,8.7,0,0,0
Germany,1965,0.1,0,0,16.2,0,0,0,0
Germany,1966,0.3,0,0,17.5,0,0,0,0
Germany,1967,1.2,0,0,16.7,0,0,0,0
Germany,1968,1.8,0,0,16.9,0,0,0,0
Germany,1969,4.9,0,0,13.7,0,0,0,0
Germany,1970,6.5,0,0,17.5,0.9,0,0,0
Germany,1971,6.2,0,0,13.5,1,0,0,0
Germany,1972,9.5,0,0,13.2,1,0,0,0
Germany,1973,12.1,0,0,15.2,1.1,0,0,0
Germany,1974,14.5,0,0,17.6,1.1,0,0,0
Germany,1975,24.1,0,0,17.1,1.1,0,0,0
Germany,1976,29.5,0,0,13.8,1.3,0,0,0
Germany,1977,41.3,0,0,17.6,1.2,0,0,0
Germany,1978,43.9,0,0,18.4,1.3,0,0,0
Germany,1979,52.1,0,0,18.4,1.4,0,0,0
Germany,1980,55.6,0,0,19.1,2,0,0,0
Germany,1981,65.5,0,0,19.9,1.8,0,0,0
Germany,1982,74.4,0,0,19.7,1.8,0,0,0
Germany,1983,78.1,0,0,18.7,1.5,0,0,0
Germany,1984,104.3,0,0,18.5,1.6,0,0,0
Germany,1985,138.6,0,0,17.4,1.6,9.6,312.9,28
Germany,1986,130.5,0,0,18.6,1.6,13.6,315.3,29.8
Germany,1987,141.7,0,0,20.3,1.4,13.8,308.5,33
Germany,1988,156.8,0,0,20.1,1.6,11.8,310.4,33.1
Germany,1989,161.7,0,0,18.2,1.7,10.4,313.1,38.6
Germany,1990,152.5,0,0.1,17.3,1.4,10.8,311.7,35.9
Germany,1991,147.4,0,0.1,15.9,1.5,14.8,308.1,36.3
Germany,1992,158.8,0,0.3,18.6,1.6,13.2,296.4,33
Germany,1993,153.5,0,0.6,19,1.6,10.1,293.7,32.8
Germany,1994,151.2,0,0.9,20.2,1.9,10.1,290.7,36.1
Germany,1995,154.1,0,1.5,21.6,2,9.1,289.7,41.1
Germany,1996,161.6,0,2,18.8,2.1,8.2,297,45.6
Germany,1997,170.3,0,3,19,2.3,7.4,284.8,48.1
Germany,1998,161.6,0,4.5,19,3.3,6.7,292.8,50.7
Germany,1999,170,0,5.5,20.7,3.6,6.3,279.1,51.8
Germany,2000,169.6,0.1,9.5,24.9,4.7,5.9,291.4,49.2
Germany,2001,171.3,0.1,10.5,23.2,5.2,6.1,293.2,55.5
Germany,2002,164.8,0.2,15.8,23.7,6,8.7,292.5,56.3
Germany,2003,165.1,0.3,18.7,17.7,8.8,10.3,304.6,62.9
Germany,2004,167.1,0.6,25.5,20.1,10.5,10.8,298.8,63
Germany,2005,163,1.3,27.2,19.6,14.4,12,288.1,72.7
Germany,2006,167.4,2.2,30.7,20,18.7,10.9,288.9,75.3
Germany,2007,140.5,3.1,39.7,21.2,24.4,10,297.1,78.1
Germany,2008,148.8,4.4,40.6,20.4,27.8,9.7,275.2,89.1
Germany,2009,134.9,6.6,38.6,19,30.9,10.1,253.4,80.9
Germany,2010,140.6,11.7,38.5,21,34,8.7,262.9,89.3
Germany,2011,108,19.6,49.9,17.7,36.9,7.2,262.5,86.1
Germany,2012,99.5,26.4,51.7,22.1,43.2,7.6,277.1,76.4
Germany,2013,97.3,31,52.7,23,45.6,7.2,288.2,67.5
Germany,2014,97.1,36.1,58.5,19.6,48.4,5.7,274.4,61.1
Germany,2015,91.8,38.7,80.6,19,50.5,6.2,272.2,62
Germany,2016,84.6,38.1,79.9,20.5,51.1,5.8,261.7,81.3
Germany,2017,76.3,39.4,105.7,20.2,51.1,5.6,241.9,86.7
Germany,2018,76,45.8,110,18,51,5.2,228.2,82.5
Germany,2019,75.1,47.5,126,20.2,50.6,5.1,171.2,91
Hungary,1965,0,0,0,0.1,0,0,0,0
Hungary,1966,0,0,0,0.1,0,0,0,0
Hungary,1967,0,0,0,0.1,0,0,0,0
Hungary,1968,0,0,0,0.1,0,0,0,0
Hungary,1969,0,0,0,0.1,0,0,0,0
Hungary,1970,0,0,0,0.1,0,0,0,0
Hungary,1971,0,0,0,0.1,0,0,0,0
Hungary,1972,0,0,0,0.1,0,0,0,0
Hungary,1973,0,0,0,0.1,0,0,0,0
Hungary,1974,0,0,0,0.1,0,0,0,0
Hungary,1975,0,0,0,0.2,0,0,0,0
Hungary,1976,0,0,0,0.2,0,0,0,0
Hungary,1977,0,0,0,0.1,0,0,0,0
Hungary,1978,0,0,0,0.1,0,0,0,0
Hungary,1979,0,0,0,0.1,0,0,0,0
Hungary,1980,0,0,0,0.1,0,0,0,0
Hungary,1981,0,0,0,0.2,0,0,0,0
Hungary,1982,0,0,0,0.2,0,0,0,0
Hungary,1983,2.5,0,0,0.2,0,0,0,0
Hungary,1984,3.8,0,0,0.2,0,0,0,0
Hungary,1985,6.5,0,0,0.2,0,0,0,0
Hungary,1986,7.4,0,0,0.2,0,0,0,0
Hungary,1987,11,0,0,0.2,0,0,0,0
Hungary,1988,13.4,0,0,0.2,0,0,0,0
Hungary,1989,13.9,0,0,0.2,0,0,0,0
Hungary,1990,13.7,0,0,0.2,0,0,0,0
Hungary,1991,13.7,0,0,0.2,0,0,0,0
Hungary,1992,14,0,0,0.2,0,0,0,0
Hungary,1993,13.8,0,0,0.2,0,0,0,0
Hungary,1994,14,0,0,0.2,0,0,0,0
Hungary,1995,14,0,0,0.2,0.1,0,0,0
Hungary,1996,14.2,0,0,0.2,0,0,0,0
Hungary,1997,14,0,0,0.2,0.1,0,0,0
Hungary,1998,13.9,0,0,0.2,0.1,0,0,0
Hungary,1999,14.1,0,0,0.2,0.1,0,0,0
Hungary,2000,14.2,0,0,0.2,0.1,0,0,0
Hungary,2001,14.1,0,0,0.2,0.1,0,0,0
Hungary,2002,14,0,0,0.2,0,0,0,0
Hungary,2003,11,0,0,0.2,0.2,0,0,0
Hungary,2004,11.9,0,0,0.2,0.7,0,0,0
Hungary,2005,13.8,0,0,0.2,1.7,0,0,0
Hungary,2006,13.5,0,0,0.2,1.3,0,0,0
Hungary,2007,14.7,0,0.1,0.2,1.6,0,0,0
Hungary,2008,14.8,0,0.2,0.2,1.9,0,0,0
Hungary,2009,15.4,0,0.3,0.2,2.3,0,0,0
Hungary,2010,15.8,0,0.5,0.2,2.3,0,0,0
Hungary,2011,15.7,0,0.6,0.2,1.9,0,0,0
Hungary,2012,15.8,0,0.8,0.2,1.7,0,0,0
Hungary,2013,15.4,0,0.7,0.2,1.8,0,0,0
Hungary,2014,15.6,0.1,0.7,0.3,2.1,0,0,0
Hungary,2015,15.8,0.1,0.7,0.2,2.2,0,0,0
Hungary,2016,16.1,0.2,0.7,0.3,2.1,0,0,0
Hungary,2017,16.1,0.3,0.8,0.2,2.2,0,0,0
Hungary,2018,15.7,0.6,0.6,0.2,2.3,0,0,0
Hungary,2019,16.3,1.4,0.7,0.2,2.1,0,0,0
Italy,1965,3.5,0,0,42.6,2.7,0,0,0
Italy,1966,3.9,0,0,43.7,3.4,0,0,0
Italy,1967,3.2,0,0,42.3,3.5,0,0,0
Italy,1968,2.6,0,0,42.7,3.6,0,0,0
Italy,1969,1.7,0,0,41.2,3.8,0,0,0
Italy,1970,3.2,0,0,40.4,4.2,0,0,0
Italy,1971,3.4,0,0,39.1,4.2,0,0,0
Italy,1972,3.6,0,0,41.3,3.8,0,0,0
Italy,1973,3.1,0,0,37.5,3.8,0,0,0
Italy,1974,3.4,0,0,37.8,4.2,0,0,0
Italy,1975,3.8,0,0,41,4,0,0,0
Italy,1976,3.8,0,0,39.2,3.8,0,0,0
Italy,1977,3.4,0,0,51.1,3.7,0,0,0
Italy,1978,4.4,0,0,45.5,3.8,0,0,0
Italy,1979,2.6,0,0,45.9,3.8,0,0,0
Italy,1980,2.2,0,0,45.2,4,0,0,0
Italy,1981,2.7,0,0,43,3.5,0,0,0
Italy,1982,6.8,0,0,41.5,3.5,0,0,0
Italy,1983,5.8,0,0,41.4,3.4,0,0,0
Italy,1984,6.9,0,0,42.4,3.5,0,0,0
Italy,1985,7,0,0,41.1,3.2,76.2,30,24.7
Italy,1986,8.8,0,0,41.1,3.5,77.5,31,26.9
Italy,1987,0.2,0,0,39.5,3.7,89.9,33,31.7
Italy,1988,0,0,0,40.7,3.8,89.7,33.9,32.4
Italy,1989,0,0,0,34.1,3.2,101.8,31.9,34.4
Italy,1990,0,0,0,31.6,3.3,102.7,35.6,39.1
Italy,1991,0,0,0,42.2,3.3,104.3,32,35.9
Italy,1992,0,0,0,42.2,3.6,116,24.8,35.2
Italy,1993,0,0,0,41.4,3.8,113.9,18.4,39.6
Italy,1994,0,0,0,44.7,3.6,116.3,22.9,40.4
Italy,1995,0,0,0,37.8,3.7,120.8,27.6,46.4
Italy,1996,0,0,0,42,4.1,117.1,25.3,49.7
Italy,1997,0,0,0.1,41.6,4.5,113.3,24.8,60.6
Italy,1998,0,0,0.2,41.2,5,107.3,27.8,70.2
Italy,1999,0,0,0.4,45.4,5.5,91.4,28.2,86.2
Italy,2000,0,0,0.6,44.2,6.1,85.9,30.5,101.4
Italy,2001,0,0,1.2,46.8,6.3,75,36.8,104.2
Italy,2002,0,0,1.4,39.5,7.4,87.8,40.5,99.4
Italy,2003,0,0,1.5,36.7,8.7,76,44.1,117.3
Italy,2004,0,0,1.8,42.3,9.7,58.9,50.9,129.8
Italy,2005,0,0,2.3,36.1,10,47.1,49.4,149.3
Italy,2006,0,0,3,37,10.6,45.9,50.5,158.1
Italy,2007,0,0,4,32.8,10.8,35.4,49.8,172.6
Italy,2008,0,0.2,4.9,41.6,11.5,31.5,48.6,172.7
Italy,2009,0,0.7,6.5,49.1,12.9,26,43.4,147.3
Italy,2010,0,1.9,9.1,51.1,14.8,21.7,44.5,152.7
Italy,2011,0,10.8,9.9,45.8,16.5,19.9,50.2,144.5
Italy,2012,0,18.9,13.4,41.9,18.1,18.9,54.1,129.1
Italy,2013,0,21.6,14.9,52.8,22.7,15.5,48.5,108.9
Italy,2014,0,22.3,15.2,58.5,24.6,14.2,46.6,93.6
Italy,2015,0,22.9,14.8,44.1,25.6,13.4,45.4,110.9
Italy,2016,0,22.1,17.7,40.6,25.8,12.1,38.4,126.1
Italy,2017,0,24.4,17.7,34.4,25.6,11.5,35.1,140.3
Italy,2018,0,22.7,17.7,47.1,25.3,11,31,128.5
Italy,2019,0,24.3,20.1,45.1,23.2,10.2,29.7,126.5
Latvia,1985,0,0,0,3,0,0,0,0
Latvia,1986,0,0,0,3,0,0,0,0
Latvia,1987,0,0,0,3.7,0,0,0,0
Latvia,1988,0,0,0,3,0,0,0,0
Latvia,1989,0,0,0,3.6,0,0,0,0
Latvia,1990,0,0,0,4.5,0,0,0,0
Latvia,1991,0,0,0,3.3,0,0,0,0
Latvia,1992,0,0,0,2.5,0,0,0,0
Latvia,1993,0,0,0,2.9,0,0,0,0
Latvia,1994,0,0,0,3.3,0,0,0,0
Latvia,1995,0,0,0,2.9,0,0,0,0
Latvia,1996,0,0,0,1.9,0,0,0,0
Latvia,1997,0,0,0,3,0,0,0,0
Latvia,1998,0,0,0,4.3,0,0,0,0
Latvia,1999,0,0,0,2.8,0,0,0,0
Latvia,2000,0,0,0,2.8,0,0,0,0
Latvia,2001,0,0,0,2.8,0,0,0,0
Latvia,2002,0,0,0,2.5,0,0,0,0
Latvia,2003,0,0,0,2.3,0,0,0,0
Latvia,2004,0,0,0,3.1,0,0,0,0
Latvia,2005,0,0,0,3.3,0,0,0,0
Latvia,2006,0,0,0,2.7,0,0,0,0
Latvia,2007,0,0,0.1,2.7,0,0,0,0
Latvia,2008,0,0,0.1,3.1,0,0,0,0
Latvia,2009,0,0,0,3.5,0,0,0,0
Latvia,2010,0,0,0,3.5,0.1,0,0,0
Latvia,2011,0,0,0.1,2.9,0.1,0,0,0
Latvia,2012,0,0,0.1,3.7,0.3,0,0,0
Latvia,2013,0,0,0.1,2.9,0.5,0,0,0
Latvia,2014,0,0,0.1,2,0.7,0,0,0
Latvia,2015,0,0,0.1,1.9,0.8,0,0,0
Latvia,2016,0,0,0.1,2.5,0.8,0,0,0
Latvia,2017,0,0,0.2,4.4,0.9,0,0,0
Latvia,2018,0,0,0.1,2.4,0.9,0,0,0
Latvia,2019,0,0,0.2,2.1,1,0,0,0
Lithuania,1985,9.5,0,0,0.4,0,0,0,0
Lithuania,1986,9.9,0,0,0.4,0,0,0,0
Lithuania,1987,9.2,0,0,0.4,0,0,0,0
Lithuania,1988,12.8,0,0,0.4,0,0,0,0
Lithuania,1989,16.7,0,0,0.4,0,0,0,0
Lithuania,1990,17,0,0,0.4,0,0,0,0
Lithuania,1991,17,0,0,0.3,0,0,0,0
Lithuania,1992,14.6,0,0,0.3,0,0,0,0
Lithuania,1993,12.3,0,0,0.4,0,0,0,0
Lithuania,1994,7.7,0,0,0.5,0,0,0,0
Lithuania,1995,11.8,0,0,0.4,0,0,0,0
Lithuania,1996,13.9,0,0,0.3,0,0,0,0
Lithuania,1997,12,0,0,0.3,0,0,0,0
Lithuania,1998,13.6,0,0,0.4,0,0,0,0
Lithuania,1999,9.9,0,0,0.4,0,0,0,0
Lithuania,2000,8.4,0,0,0.3,0,0,0,0
Lithuania,2001,11.4,0,0,0.3,0,0,0,0
Lithuania,2002,14.1,0,0,0.4,0,0,0,0
Lithuania,2003,15.5,0,0,0.3,0,0,0,0
Lithuania,2004,15.1,0,0,0.4,0,0,0,0
Lithuania,2005,10.3,0,0,0.5,0,0,0,0
Lithuania,2006,8.7,0,0,0.4,0,0,0,0
Lithuania,2007,9.8,0,0.1,0.4,0.1,0,0,0
Lithuania,2008,9.9,0,0.1,0.4,0.1,0,0,0
Lithuania,2009,10.9,0,0.2,0.4,0.1,0,0,0
Lithuania,2010,0,0,0.2,0.5,0.1,0,0,0
Lithuania,2011,0,0,0.5,0.5,0.2,0,0,0
Lithuania,2012,0,0,0.5,0.4,0.2,0,0,0
Lithuania,2013,0,0,0.6,0.5,0.4,0,0,0
Lithuania,2014,0,0.1,0.6,0.4,0.4,0,0,0
Lithuania,2015,0,0.1,0.8,0.3,0.4,0,0,0
Lithuania,2016,0,0.1,1.1,0.5,0.4,0,0,0
Lithuania,2017,0,0.1,1.4,0.6,0.5,0,0,0
Lithuania,2018,0,0.1,1.1,0.5,0.5,0,0,0
Lithuania,2019,0,0.1,1.5,0.3,0.5,0,0,0
Netherlands,1969,0.3,0,0,0,0,0,0,0
Netherlands,1970,0.4,0,0,0,0,0,0,0
Netherlands,1971,0.4,0,0,0,0,0,0,0
Netherlands,1972,0.3,0,0,0,0,0,0,0
Netherlands,1973,1.1,0,0,0,0,0,0,0
Netherlands,1974,3.3,0,0,0,0,0,0,0
Netherlands,1975,3.3,0,0,0,0.8,0,0,0
Netherlands,1976,3.9,0,0,0,0.9,0,0,0
Netherlands,1977,3.7,0,0,0,0.9,0,0,0
Netherlands,1978,4.1,0,0,0,1.2,0,0,0
Netherlands,1979,3.5,0,0,0,1.1,0,0,0
Netherlands,1980,4.2,0,0,0,1,0,0,0
Netherlands,1981,3.7,0,0,0,1.1,0,0,0
Netherlands,1982,3.9,0,0,0,0.3,0,0,0
Netherlands,1983,3.6,0,0,0,0.2,0,0,0
Netherlands,1984,3.7,0,0,0,0,0,0,0
Netherlands,1985,3.9,0,0,0,0.4,3.3,14.8,38.2
Netherlands,1986,4.2,0,0,0,0.6,3.5,15.1,41.5
Netherlands,1987,3.6,0,0,0,0.7,3.7,16.9,41.3
Netherlands,1988,3.7,0,0,0,0.8,3.8,22.3,36.4
Netherlands,1989,4,0,0,0,0.9,3.3,22.2,39.9
Netherlands,1990,3.5,0,0.1,0.1,0.7,3.1,27.5,36.5
Netherlands,1991,3.3,0,0.1,0.1,0.8,3.3,25.2,41
Netherlands,1992,3.8,0,0.1,0.1,0.8,3.2,25.2,43.5
Netherlands,1993,3.9,0,0.2,0.1,0.9,3,24.2,44.1
Netherlands,1994,4,0,0.2,0.1,0.9,3.3,27,43.5
Netherlands,1995,4,0,0.3,0.1,1,2.8,30,42
Netherlands,1996,4.2,0,0.4,0.1,1.3,2.8,28.5,47.1
Netherlands,1997,2.4,0,0.5,0.1,1.5,2.8,27.4,50.7
Netherlands,1998,3.8,0,0.6,0.1,1.6,3,25.8,52.1
Netherlands,1999,3.8,0,0.6,0.1,1.8,2.8,20.8,52.6
Netherlands,2000,3.9,0,0.8,0.1,2,2.6,23.4,52.5
Netherlands,2001,4,0,0.8,0.1,2.4,2.6,24.9,54.4
Netherlands,2002,3.9,0,0.9,0.1,2.9,2.4,25,55.1
Netherlands,2003,4,0,1.3,0.1,2.5,2.5,25.9,56.2
Netherlands,2004,3.8,0,1.9,0.1,3.3,2.4,24.4,60.5
Netherlands,2005,4,0,2.1,0.1,5.3,2.3,23.1,58.2
Netherlands,2006,3.5,0,2.7,0.1,5.2,2.1,23.1,57.1
Netherlands,2007,4.2,0,3.4,0.1,4,2.2,24.6,60.9
Netherlands,2008,4.2,0,4.3,0.1,5.1,2.1,22.5,64.6
Netherlands,2009,4.2,0,4.6,0.1,6.1,1.5,23.4,68.5
Netherlands,2010,4,0.1,4,0.1,7.1,1.3,21.9,73.6
Netherlands,2011,4.1,0.1,5.1,0.1,7.1,1.4,20.8,67.9
Netherlands,2012,3.9,0.3,5,0.1,7.2,1.1,24.2,54.1
Netherlands,2013,2.9,0.5,5.6,0.1,6,1.2,24.6,54
Netherlands,2014,4.1,0.8,5.8,0.1,5,1.9,28.8,51
Netherlands,2015,4.1,1.1,7.5,0.1,4.9,1.4,39.5,45.9
Netherlands,2016,4,1.6,8.2,0.1,4.9,1.3,36.7,52.6
Netherlands,2017,3.4,2.2,10.6,0.1,4.6,1.2,31.3,57.9
Netherlands,2018,3.5,3.7,10.6,0.1,4.6,1.3,27.5,57.7
Netherlands,2019,3.9,5.2,11.5,0.1,5.6,1.4,17.4,71
North Macedonia,1990,0,0,0,0.5,0,0,0,0
North Macedonia,1991,0,0,0,0.8,0,0,0,0
North Macedonia,1992,0,0,0,0.8,0,0,0,0
North Macedonia,1993,0,0,0,0.5,0,0,0,0
North Macedonia,1994,0,0,0,0.7,0,0,0,0
North Macedonia,1995,0,0,0,0.8,0,0,0,0
North Macedonia,1996,0,0,0,0.9,0,0,0,0
North Macedonia,1997,0,0,0,0.9,0,0,0,0
North Macedonia,1998,0,0,0,1.1,0,0,0,0
North Macedonia,1999,0,0,0,1.4,0,0,0,0
North Macedonia,2000,0,0,0,1.2,0,0,0,0
North Macedonia,2001,0,0,0,0.6,0,0,0,0
North Macedonia,2002,0,0,0,0.8,0,0,0,0
North Macedonia,2003,0,0,0,1.4,0,0,0,0
North Macedonia,2004,0,0,0,1.5,0,0,0,0
North Macedonia,2005,0,0,0,1.5,0,0,0,0
North Macedonia,2006,0,0,0,1.7,0,0,0,0
North Macedonia,2007,0,0,0,1,0,0,0,0
North Macedonia,2008,0,0,0,0.8,0,0,0,0
North Macedonia,2009,0,0,0,1.3,0,0,0,0
North Macedonia,2010,0,0,0,2.4,0,0,0,0
North Macedonia,2011,0,0,0,1.4,0,0,0,0
North Macedonia,2012,0,0,0,1,0,0,0,0
North Macedonia,2013,0,0,0,1.6,0,0,0,0
North Macedonia,2014,0,0,0.1,1.2,0,0,0,0
North Macedonia,2015,0,0,0.1,1.9,0,0,0,0
North Macedonia,2016,0,0,0.1,1.9,0,0,0,0
North Macedonia,2017,0,0,0.1,1.1,0.1,0,0,0
North Macedonia,2018,0,0,0.1,1.8,0.1,0,0,0
North Macedonia,2019,0,0,0.1,1.2,0.1,0,0,0
Romania,1965,0,0,0,1,0,0,0,0
Romania,1966,0,0,0,1,0,0,0,0
Romania,1967,0,0,0,1.5,0,0,0,0
Romania,1968,0,0,0,1.6,0,0,0,0
Romania,1969,0,0,0,2.2,0,0,0,0
Romania,1970,0,0,0,2.8,0,0,0,0
Romania,1971,0,0,0,4.5,0,0,0,0
Romania,1972,0,0,0,7.3,0,0,0,0
Romania,1973,0,0,0,7.5,0,0,0,0
Romania,1974,0,0,0,8.5,0,0,0,0
Romania,1975,0,0,0,9.4,0,0,0,0
Romania,1976,0,0,0,8.1,0,0,0,0
Romania,1977,0,0,0,9.3,0,0,0,0
Romania,1978,0,0,0,10.6,0,0,0,0
Romania,1979,0,0,0,11.3,0,0,0,0
Romania,1980,0,0,0,12.6,0,0,0,0
Romania,1981,0,0,0,12.7,0,0,0,0
Romania,1982,0,0,0,11.9,0,0,0,0
Romania,1983,0,0,0,10,0,0,0,0
Romania,1984,0,0,0,11.3,0,0,0,0
Romania,1985,0,0,0,12.7,0,0,0,0
Romania,1986,0,0,0,10.8,0,0,0,0
Romania,1987,0,0,0,11.2,0,0,0,0
Romania,1988,0,0,0,14.8,0,0,0,0
Romania,1989,0,0,0,13.7,0,0,0,0
Romania,1990,0,0,0,11.4,0,0,0,0
Romania,1991,0,0,0,14.6,0,0,0,0
Romania,1992,0,0,0,11.7,0,0,0,0
Romania,1993,0,0,0,12.8,0,0,0,0
Romania,1994,0,0,0,13,0,0,0,0
Romania,1995,0,0,0,16.7,0,0,0,0
Romania,1996,1.4,0,0,15.8,0,0,0,0
Romania,1997,5.4,0,0,17.5,0,0,0,0
Romania,1998,5.3,0,0,18.9,0,0,0,0
Romania,1999,5.2,0,0,18.3,0,0,0,0
Romania,2000,5.5,0,0,14.8,0,0,0,0
Romania,2001,5.4,0,0,14.9,0,0,0,0
Romania,2002,5.5,0,0,16,0,0,0,0
Romania,2003,4.9,0,0,13.3,0,0,0,0
Romania,2004,5.5,0,0,16.5,0,0,0,0
Romania,2005,5.6,0,0,20.2,0,0,0,0
Romania,2006,5.6,0,0,18.4,0,0,0,0
Romania,2007,7.7,0,0,16,0,0,0,0
Romania,2008,11.2,0,0,17.2,0,0,0,0
Romania,2009,11.8,0,0,15.5,0,0,0,0
Romania,2010,11.6,0,0.3,19.9,0.1,0,0,0
Romania,2011,11.7,0,1.4,14.7,0.2,0,0,0
Romania,2012,11.5,0,2.6,12.1,0.2,0,0,0
Romania,2013,11.6,0.4,4.5,14.8,0.3,0,0,0
Romania,2014,11.7,1.3,4.7,18.5,0.5,0,0,0
Romania,2015,11.6,2,7.1,16.6,0.5,0,0,0
Romania,2016,11.3,1.8,6.6,18,0.5,0,0,0
Romania,2017,11.5,1.9,7.4,14.5,0.5,0,0,0
Romania,2018,11.4,1.8,6.3,17.7,0.4,0,0,0
Romania,2019,11.3,1.7,6.7,15.4,0.5,0,0,0
Slovakia,1965,0,0,0,2.2,0,0,0,0
Slovakia,1966,0,0,0,2.1,0,0,0,0
Slovakia,1967,0,0,0,1.8,0,0,0,0
Slovakia,1968,0,0,0,1.7,0,0,0,0
Slovakia,1969,0,0,0,1.3,0,0,0,0
Slovakia,1970,0,0,0,2,0,0,0,0
Slovakia,1971,0,0,0,1.5,0,0,0,0
Slovakia,1972,0,0,0,1.5,0,0,0,0
Slovakia,1973,0.2,0,0,1.3,0,0,0,0
Slovakia,1974,0.5,0,0,2.2,0,0,0,0
Slovakia,1975,0.2,0,0,2,0,0,0,0
Slovakia,1976,0.4,0,0,2,0,0,0,0
Slovakia,1977,0.1,0,0,2.4,0,0,0,0
Slovakia,1978,0,0,0,2.3,0,0,0,0
Slovakia,1979,2.1,0,0,1.9,0,0,0,0
Slovakia,1980,4.5,0,0,2.3,0,0,0,0
Slovakia,1981,5.1,0,0,2,0,0,0,0
Slovakia,1982,5.8,0,0,1.7,0,0,0,0
Slovakia,1983,6.2,0,0,1.8,0,0,0,0
Slovakia,1984,7.2,0,0,1.6,0,0,0,0
Slovakia,1985,9.4,0,0,2.1,0,0,0,0
Slovakia,1986,11.7,0,0,1.7,0,0,0,0
Slovakia,1987,11.5,0,0,1.9,0,0,0,0
Slovakia,1988,11.5,0,0,1.8,0,0,0,0
Slovakia,1989,12.2,0,0,2,0,0,0,0
Slovakia,1990,12,0,0,1.9,0,0,0,0
Slovakia,1991,11.7,0,0,1.4,0,0,0,0
Slovakia,1992,11.1,0,0,1.9,0,0,0,0
Slovakia,1993,11.5,0,0,3.5,0,0,0,0
Slovakia,1994,12.6,0,0,4.4,0,0,0,0
Slovakia,1995,11.4,0,0,4.9,0,0,0,0
Slovakia,1996,11.2,0,0,4.2,0,0,0,0
Slovakia,1997,11.1,0,0,4.1,0,0,0,0
Slovakia,1998,11.4,0,0,4.3,0,0,0,0
Slovakia,1999,13.1,0,0,4.5,0,0,0,0
Slovakia,2000,16.5,0,0,4.6,0,0,0,0
Slovakia,2001,17.1,0,0,4.9,0.2,0,0,0
Slovakia,2002,18,0,0,5.3,0.2,0,0,0
Slovakia,2003,17.9,0,0,3.3,0.1,0,0,0
Slovakia,2004,17,0,0,4,0,0,0,0
Slovakia,2005,17.7,0,0,4.5,0,0,0,0
Slovakia,2006,18,0,0,4.3,0.4,0,0,0
Slovakia,2007,15.3,0,0,4.3,0.5,0,0,0
Slovakia,2008,16.7,0,0,4.1,0.5,0,0,0
Slovakia,2009,14.1,0,0,4.4,0.5,0,0,0
Slovakia,2010,14.6,0,0,5.1,0.7,0,0,0
Slovakia,2011,15.4,0.4,0,3.6,0.8,0,0,0
Slovakia,2012,15.5,0.4,0,4,0.9,0,0,0
Slovakia,2013,15.7,0.6,0,4.7,0.9,0,0,0
Slovakia,2014,15.5,0.6,0,4.3,1.4,0,0,0
Slovakia,2015,15.1,0.5,0,4.1,1.7,0,0,0
Slovakia,2016,14.8,0.5,0,4.3,1.7,0,0,0
Slovakia,2017,15.1,0.5,0,4.3,1.7,0,0,0
Slovakia,2018,14.8,0.6,0,3.6,1.6,0,0,0
Slovakia,2019,15.5,0.6,0,4.2,1.3,0,0,0
Slovenia,1990,4.6,0,0,3,0,0,0,0
Slovenia,1991,5,0,0,3.6,0,0,0,0
Slovenia,1992,4,0,0,3.4,0,0,0,0
Slovenia,1993,4,0,0,3,0,0,0,0
Slovenia,1994,4.6,0,0,3.4,0,0,0,0
Slovenia,1995,4.8,0,0,3.3,0,0,0,0
Slovenia,1996,4.6,0,0,3.7,0,0,0,0
Slovenia,1997,5,0,0,3.1,0,0,0,0
Slovenia,1998,5,0,0,3.5,0,0,0,0
Slovenia,1999,4.7,0,0,3.7,0,0,0,0
Slovenia,2000,4.8,0,0,3.8,0.1,0,0,0
Slovenia,2001,5.3,0,0,3.8,0.1,0,0,0
Slovenia,2002,5.5,0,0,3.3,0.1,0,0,0
Slovenia,2003,5.2,0,0,3,0.1,0,0,0
Slovenia,2004,5.5,0,0,4.1,0.1,0,0,0
Slovenia,2005,5.9,0,0,3.5,0.1,0,0,0
Slovenia,2006,5.5,0,0,3.6,0.1,0,0,0
Slovenia,2007,5.7,0,0,3.3,0.1,0,0,0
Slovenia,2008,6.3,0,0,4,0.3,0,0,0
Slovenia,2009,5.7,0,0,4.7,0.2,0,0,0
Slovenia,2010,5.7,0,0,4.5,0.2,0,0,0
Slovenia,2011,6.2,0.1,0,3.6,0.3,0,0,0
Slovenia,2012,5.5,0.2,0,3.9,0.3,0,0,0
Slovenia,2013,5.3,0.2,0,4.6,0.3,0,0,0
Slovenia,2014,6.4,0.3,0,6.1,0.3,0,0,0
Slovenia,2015,5.6,0.3,0,3.8,0.3,0,0,0
Slovenia,2016,5.7,0.3,0,4.5,0.3,0,0,0
Slovenia,2017,6.3,0.3,0,3.9,0.3,0,0,0
Slovenia,2018,5.8,0.3,0,4.7,0.3,0,0,0
Slovenia,2019,5.8,0.3,0,4.4,0.3,0,0,0
Spain,1965,0,0,0,19.7,0,0,0,0
Spain,1966,0,0,0,27.3,0,0,0,0
Spain,1967,0,0,0,22.7,0,0,0,0
Spain,1968,0.1,0,0,24.4,0,0,0,0
Spain,1969,0.8,0,0,30.6,0,0,0,0
Spain,1970,0.9,0,0,27.8,0,0,0,0
Spain,1971,2.5,0,0,31.8,0.1,0,0,0
Spain,1972,4.8,0,0,35.5,0.1,0,0,0
Spain,1973,6.5,0,0,28.9,0.1,0,0,0
Spain,1974,7.2,0,0,30.6,0.1,0,0,0
Spain,1975,7.5,0,0,26.1,0.1,0,0,0
Spain,1976,7.6,0,0,20.9,0.2,0,0,0
Spain,1977,6.5,0,0,39.6,0.3,0,0,0
Spain,1978,7.6,0,0,40.3,0.3,0,0,0
Spain,1979,6.7,0,0,46.4,0.3,0,0,0
Spain,1980,5.2,0,0,29.6,0.4,0,0,0
Spain,1981,9.6,0,0,21.9,0.4,0,0,0
Spain,1982,8.8,0,0,26.3,0.5,0,0,0
Spain,1983,10.7,0,0,27,0.6,0,0,0
Spain,1984,23.1,0,0,31.5,0.6,0,0,0
Spain,1985,28,0,0,31.3,0.6,7.7,54.6,2.5
Spain,1986,37.5,0,0,26.5,0.5,6.2,54.8,2.1
Spain,1987,41.3,0,0,27.4,0.6,6.4,54.7,1.5
Spain,1988,50.5,0,0,35.2,0.7,6.9,43.1,1.4
Spain,1989,56.1,0,0,19.3,0.6,9.1,59.6,1.4
Spain,1990,54.3,0,0,25.4,0.5,8.6,60.7,1.5
Spain,1991,55.6,0,0,27.3,0.5,10.2,59.7,1.4
Spain,1992,55.8,0,0.1,18.9,0.6,14.3,65.1,1.7
Spain,1993,56.1,0,0.1,24.4,0.6,9.5,63.4,1.2
Spain,1994,55.3,0,0.2,28.2,0.6,10.5,62.6,3.2
Spain,1995,55.5,0,0.3,23.1,1,14.6,67.1,3.8
Spain,1996,56.3,0,0.4,39.8,1.1,13.9,54.7,6.8
Spain,1997,55.3,0,0.7,34.8,1.5,14.1,64,18.2
Spain,1998,59,0,1.4,34,1.5,17.5,63.2,16.2
Spain,1999,58.9,0,2.7,22.9,1.7,24.4,75.4,19.1
Spain,2000,62.2,0,4.7,29.6,1.5,22.6,80.9,20.2
Spain,2001,63.7,0,6.8,41,1.6,24.6,71.7,23.4
Spain,2002,63,0,9.3,22.9,2.6,28.6,82.5,32.4
Spain,2003,61.9,0,12.1,41.1,3.2,24,76,39.4
Spain,2004,63.6,0.1,15.7,31.7,3.3,26.8,80.3,55.5
Spain,2005,57.5,0,21.2,17.9,2.7,29.4,80.8,79
Spain,2006,60.1,0.1,23.3,25.9,2.8,24.2,68,90.6
Spain,2007,55.1,0.5,27.6,27.2,2.9,18.8,74.1,94.8
Spain,2008,59,2.6,32.9,23.5,3.3,18.3,50,120.8
Spain,2009,52.8,6.1,37.9,26.4,3.4,20.1,36.9,109.6
Spain,2010,61.6,7.1,43.7,42,3.8,17.1,24.2,97.2
Spain,2011,57.7,8.7,42.4,30.6,4.5,15.2,44.9,84.5
Spain,2012,61.5,12,49.5,20.5,5,15.3,56,73.3
Spain,2013,56.7,13.1,55.8,36.8,5.3,13.9,41.6,57.1
Spain,2014,57.3,13.7,52,39.2,5.4,14.1,45.3,47.3
Spain,2015,57.3,13.9,49.3,28.1,5.8,17.2,52.7,52.5
Spain,2016,58.6,13.6,48.9,36.4,5.7,16.8,37.4,52.8
Spain,2017,58.1,14.3,49.1,18.5,6.1,15.8,46.3,64
Spain,2018,55.8,12.7,50.9,34.8,6.2,14.5,38.7,58
Spain,2019,58.4,15,56.2,25.2,6.3,13.4,13.1,86
Sweden,1965,0,0,0,46.4,0,0,0,0
Sweden,1966,0,0,0,45.5,0,0,0,0
Sweden,1967,0,0,0,49.3,0,0,0,0
Sweden,1968,0,0,0,48.7,0,0,0,0
Sweden,1969,0.1,0,0,41.8,0,0,0,0
Sweden,1970,0.1,0,0,41.5,0.1,0,0,0
Sweden,1971,0.1,0,0,52,0.2,0,0,0
Sweden,1972,1.5,0,0,53.7,0.2,0,0,0
Sweden,1973,2.1,0,0,59.9,0.4,0,0,0
Sweden,1974,2.1,0,0,57.3,0.4,0,0,0
Sweden,1975,12,0,0,57.6,0.3,0,0,0
Sweden,1976,16,0,0,54.8,0.4,0,0,0
Sweden,1977,19.9,0,0,53.5,0.4,0,0,0
Sweden,1978,23.8,0,0,57.8,0.3,0,0,0
Sweden,1979,21,0,0,61.1,0.3,0,0,0
Sweden,1980,26.5,0,0,58.9,0.7,0,0,0
Sweden,1981,37.7,0,0,59.8,0.9,0,0,0
Sweden,1982,39,0,0,55.1,1,0,0,0
Sweden,1983,41,0,0,63.5,1.4,0,0,0
Sweden,1984,50.9,0,0,67.9,1.8,0,0,0
Sweden,1985,58.6,0,0,71,1.8,0,0,0
Sweden,1986,70,0,0,60.9,2,0,0,0
Sweden,1987,67.4,0,0,71.9,2,0,0,0
Sweden,1988,69.4,0,0,69.9,2,0,0,0
Sweden,1989,65.6,0,0,71.8,2.2,0,0,0
Sweden,1990,68.2,0,0,72.5,1.9,0,0,0
Sweden,1991,76.8,0,0,63.2,1.9,0,0,0
Sweden,1992,63.5,0,0,74.4,2,0,0,0
Sweden,1993,61.4,0,0.1,74.6,2.2,0,0,0
Sweden,1994,73.2,0,0.1,59.1,2.2,0,0,0
Sweden,1995,69.9,0,0.1,68.1,2.4,0,0,0
Sweden,1996,74.3,0,0.1,51.7,2.1,0,0,0
Sweden,1997,69.9,0,0.2,69.1,2.8,0,0,0
Sweden,1998,73.6,0,0.3,74.7,2.8,0,0,0
Sweden,1999,73.2,0,0.4,71.7,2.7,0,0,0
Sweden,2000,57.3,0,0.5,78.6,4.1,0,0,0
Sweden,2001,72.1,0,0.5,79.1,3.8,0,0,0
Sweden,2002,68.1,0,0.6,66.4,4.2,0,0,0
Sweden,2003,67.4,0,0.7,53.5,4.5,0,0,0
Sweden,2004,77.7,0,0.9,60.6,7.2,0,0,0
Sweden,2005,72.7,0,0.9,72.7,7.5,0,0,0
Sweden,2006,67,0,1,61.6,8.4,0,0,0
Sweden,2007,67,0,1.4,66.2,9.8,0,0,0
Sweden,2008,63.9,0,2,69,10.3,0,0,0
Sweden,2009,52.2,0,2.5,65.4,11.5,0,0,0
Sweden,2010,57.7,0,3.5,66.4,12.2,0,0,0
Sweden,2011,60.5,0,6.1,67.1,11.5,0,0,0
Sweden,2012,64,0,7.2,78.9,12.2,0,0,0
Sweden,2013,66.5,0,9.8,61.4,11.5,0,0,0
Sweden,2014,64.9,0,11.2,63.8,10.7,0,0,0
Sweden,2015,56.3,0.1,16.3,75.3,10.8,0,0,0
Sweden,2016,63.1,0.1,15.5,62,11.5,0,0,0
Sweden,2017,65.7,0.2,17.6,65,12.1,0,0,0
Sweden,2018,68.5,0.4,16.6,62.1,11.9,0,0,0
Sweden,2019,67,0.6,19.9,65.7,13.1,0,0,0
Switzerland,1965,0,0,0,24.1,0,0,0,0
Switzerland,1966,0,0,0,27.5,0,0,0,0
Switzerland,1967,0,0,0,29.9,0,0,0,0
Switzerland,1968,0,0,0,29.5,0,0,0,0
Switzerland,1969,0.5,0,0,28.2,0,0,0,0
Switzerland,1970,1.8,0,0,29.2,0,0,0,0
Switzerland,1971,1.4,0,0,29,0,0,0,0
Switzerland,1972,3.8,0,0,24.2,0,0,0,0
Switzerland,1973,6.3,0,0,26.6,0,0,0,0
Switzerland,1974,7.1,0,0,27.9,0,0,0,0
Switzerland,1975,7.8,0,0,32.2,0,0,0,0
Switzerland,1976,7.9,0,0,25.8,0,0,0,0
Switzerland,1977,8.1,0,0,34.9,0,0,0,0
Switzerland,1978,8.4,0,0,31.6,0.1,0,0,0
Switzerland,1979,11.8,0,0,29.7,0.3,0,0,0
Switzerland,1980,14.3,0,0,33.4,0.2,0,0,0
Switzerland,1981,15.3,0,0,35.1,0.4,0,0,0
Switzerland,1982,15.1,0,0,36,0.4,0,0,0
Switzerland,1983,15.7,0,0,35.1,0.4,0,0,0
Switzerland,1984,18.4,0,0,29.9,0.4,0,0,0
Switzerland,1985,22.4,0,0,32.1,0.4,0,0,0
Switzerland,1986,22.4,0,0,32.9,0.5,0,0,0
Switzerland,1987,22.8,0,0,34.7,0.5,0,0,0
Switzerland,1988,22.6,0,0,35.8,0.5,0,0,0
Switzerland,1989,22.7,0,0,29.8,0.5,0,0,0
Switzerland,1990,23.5,0,0,29.8,0.4,0,0,0
Switzerland,1991,22.8,0,0,32.1,0.4,0,0,0
Switzerland,1992,23.3,0,0,32.7,0.5,0,0,0
Switzerland,1993,23.2,0,0,35.8,0.5,0,0,0
Switzerland,1994,24.2,0,0,39.1,0.6,0,0,0
Switzerland,1995,24.7,0,0,35.2,0.6,0,0,0
Switzerland,1996,25,0,0,28.7,0.6,0,0,0
Switzerland,1997,25.2,0,0,34,0.7,0,0,0
Switzerland,1998,25.7,0,0,33.5,0.7,0,0,0
Switzerland,1999,24.8,0,0,40,0.7,0,0,0
Switzerland,2000,26.3,0,0,36.8,0.8,0,0,0
Switzerland,2001,26.6,0,0,41.3,0.9,0,0,0
Switzerland,2002,27,0,0,35.2,0.9,0,0,0
Switzerland,2003,27.3,0,0,34.8,0.9,0,0,0
Switzerland,2004,26.8,0,0,33.8,1,0,0,0
Switzerland,2005,23.2,0,0,31.2,1,0,0,0
Switzerland,2006,27.6,0,0,31,1.1,0,0,0
Switzerland,2007,27.7,0,0,35.3,1.2,0,0,0
Switzerland,2008,27.5,0,0,36,1.2,0,0,0
Switzerland,2009,27.5,0.1,0,35.7,1.2,0,0,0
Switzerland,2010,26.5,0.1,0,36.1,1.3,0,0,0
Switzerland,2011,26.9,0.2,0.1,32.4,1.4,0,0,0
Switzerland,2012,25.6,0.3,0.1,38.6,1.5,0,0,0
Switzerland,2013,26.2,0.5,0.1,38.5,1.6,0,0,0
Switzerland,2014,27.8,0.8,0.1,38,1.7,0,0,0
Switzerland,2015,23.3,1.1,0.1,38.3,1.6,0,0,0
Switzerland,2016,21.3,1.3,0.1,34.6,1.7,0,0,0
Switzerland,2017,20.5,1.7,0.1,34.1,1.8,0,0,0
Switzerland,2018,24.4,1.9,0.1,34.6,1.8,0,0,0
Switzerland,2019,23,2.3,0.1,34.7,1.8,0,0,0
Ukraine,1985,53.3,0,0,10.7,0,47.1,111.9,49
Ukraine,1986,42.7,0,0,10.7,0,49.7,118,51.6
Ukraine,1987,50.4,0,0,9.6,0,50.2,119.2,52.1
Ukraine,1988,72,0,0,11.9,0,48.3,114.8,50.2
Ukraine,1989,66.5,0,0,10.1,0,49.5,117.6,51.5
Ukraine,1990,76.2,0,0,10.5,0,48,114,49.9
Ukraine,1991,75.1,0,0,11.7,0,38.5,106.7,46.4
Ukraine,1992,73.8,0,0,7.9,0,22.6,105.8,42.2
Ukraine,1993,75.2,0,0,11,0,16.9,87.6,38.9
Ukraine,1994,68.8,0,0,12.1,0,10.4,77.1,34.3
Ukraine,1995,70.5,0,0,10,0,10.4,70.2,32.7
Ukraine,1996,79.6,0,0,8.6,0,4.9,56.4,33.3
Ukraine,1997,79.4,0,0,9.9,0,2.3,55.2,31
Ukraine,1998,75.2,0,0,15.7,0,2.2,50.2,29.2
Ukraine,1999,72.1,0,0,14.3,0,1.4,53.9,30.3
Ukraine,2000,77.3,0,0,11.3,0,1.2,51.5,29.9
Ukraine,2001,76.2,0,0,12,0,1.1,53.2,30.4
Ukraine,2002,78,0,0,9.6,0,0.8,54.6,30.5
Ukraine,2003,81.4,0,0,9.2,0,0.7,54.6,34.2
Ukraine,2004,87,0,0,11.8,0,0.6,45.1,37.5
Ukraine,2005,88.8,0,0,12.4,0,0.6,50,34.2
Ukraine,2006,90.2,0,0,12.9,0,0.7,64.9,24.5
Ukraine,2007,92.5,0,0,10.1,0.3,0.6,70,22.4
Ukraine,2008,89.8,0,0,11.5,0.3,1,70.6,19.3
Ukraine,2009,82.9,0,0,11.9,0.1,1.7,65.2,11.7
Ukraine,2010,89.2,0,0,13.2,0.2,0.8,69.8,15.7
Ukraine,2011,90.2,0,0.1,10.9,0.1,0.6,74.5,18.5
Ukraine,2012,90.1,0.3,0.3,10.5,0.1,0.5,80.4,16
Ukraine,2013,83.2,0.6,0.6,13.8,0.1,0.4,81,14
Ukraine,2014,88.4,0.4,1.1,8.5,0.1,0.2,70.5,12.7
Ukraine,2015,87.6,0.5,1.1,5.4,0.1,0.7,56.1,10.1
Ukraine,2016,81,0.5,1,7.7,0.1,1.6,61.2,9.8
Ukraine,2017,85.6,0.7,1,8.9,0.2,1.3,49.3,7.4
Ukraine,2018,84.4,1.1,1.2,10.4,0.2,0.7,52.1,9
Ukraine,2019,83,2.9,1.9,6.8,0.2,0.2,48.3,9.2
United Kingdom,1965,15.1,0,0,4.6,0,0,0,0
United Kingdom,1966,20.2,0,0,4.5,0,0,0,0
United Kingdom,1967,23.3,0,0,4.9,0,0,0,0
United Kingdom,1968,26.2,0,0,3.7,0,0,0,0
United Kingdom,1969,29.1,0,0,3.3,0,0,0,0
United Kingdom,1970,26,0,0,4.5,0,0,0,0
United Kingdom,1971,27.5,0,0,3.4,0,0,0,0
United Kingdom,1972,29.4,0,0,3.4,0,0,0,0
United Kingdom,1973,28,0,0,3.8,0,0,0,0
United Kingdom,1974,33.6,0,0,4.1,0,0,0,0
United Kingdom,1975,30.3,0,0,3.8,0,0,0,0
United Kingdom,1976,36.2,0,0,4.5,0,0,0,0
United Kingdom,1977,40,0,0,4,0,0,0,0
United Kingdom,1978,37.2,0,0,4.1,0,0,0,0
United Kingdom,1979,38.3,0,0,4.3,0,0,0,0
United Kingdom,1980,37,0,0,4,0,0,0,0
United Kingdom,1981,38,0,0,4.4,0,0,0,0
United Kingdom,1982,44,0,0,4.5,0,0,0,0
United Kingdom,1983,49.9,0,0,4.5,0,0,0,0
United Kingdom,1984,54,0,0,4.5,0,0,0,0
United Kingdom,1985,61.1,0,0,4,0,48.3,177.2,2.9
United Kingdom,1986,59.1,0,0,4.8,0,31.2,201.4,1.7
United Kingdom,1987,55.2,0,0,4.2,0,26.3,209.9,4.5
United Kingdom,1988,63.5,0,0,4.9,0,28.4,203.4,4.8
United Kingdom,1989,71.7,0,0,4.8,0,29.4,199.9,4.9
United Kingdom,1990,65.7,0,0,5.1,0.6,34.7,206.4,5
United Kingdom,1991,70.5,0,0,4.5,0.7,28.1,211.5,5.8
United Kingdom,1992,76.8,0,0,5.3,0.9,29.8,193.6,12.6
United Kingdom,1993,89.4,0,0.2,4.3,1.2,21.1,171.2,34
United Kingdom,1994,88.3,0,0.3,5.1,1.5,14.8,161.3,53.3
United Kingdom,1995,89,0,0.4,4.7,1.6,17.3,155.2,63.7
United Kingdom,1996,94.7,0,0.5,3.4,1.8,17.2,147.3,84.1
United Kingdom,1997,98.1,0,0.7,4.4,2.1,10.7,122,111
United Kingdom,1998,99.5,0,0.9,5.1,2.7,8.2,123,117.8
United Kingdom,1999,95.1,0,0.9,5.3,3.4,6.5,106.2,142.9
United Kingdom,2000,85.1,0,0.9,5.1,3.9,6.5,119.9,148.1
United Kingdom,2001,90.1,0,1,4.1,4.5,5.3,131.5,141.9
United Kingdom,2002,87.8,0,1.3,4.8,5.1,4.8,124.3,152.3
United Kingdom,2003,88.7,0,1.3,3.2,6.2,4.6,138.5,148.9
United Kingdom,2004,80,0,1.9,4.8,7.4,4.6,131.8,157.1
United Kingdom,2005,81.6,0,2.9,4.9,9.1,5.3,134.6,152.6
United Kingdom,2006,75.5,0,4.2,4.6,9.3,6.2,148.9,140.8
United Kingdom,2007,63,0,5.3,5.1,9.3,5,135.9,165.8
United Kingdom,2008,52.5,0,7.1,5.1,9.6,6.7,124.4,176.2
United Kingdom,2009,69.1,0,9.3,5.2,10.7,6,103,166.5
United Kingdom,2010,62.1,0,10.3,3.6,12.3,4.8,107.6,175.7
United Kingdom,2011,69,0.2,16,5.7,13.3,3.1,108.4,146.5
United Kingdom,2012,70.4,1.4,19.8,5.3,14.7,2.9,142.8,100.2
United Kingdom,2013,70.6,2,28.4,4.7,18.1,2.1,130.3,95.8
United Kingdom,2014,63.7,4.1,32,5.9,22.6,1.9,100.2,100.9
United Kingdom,2015,70.3,7.5,40.3,6.3,29.3,2,75.9,99.9
United Kingdom,2016,71.7,10.4,37.2,5.6,30.1,1.9,30.7,143.1
United Kingdom,2017,70.3,11.5,49.6,5.9,31.8,1.6,22.5,136.8
United Kingdom,2018,65.1,12.9,56.9,5.5,34.8,1.7,16.8,131.5
United Kingdom,2019,56.2,12.7,64.1,6,36.6,1,6.9,132.5
Other Europe,1965,0,0,0,9.4,0,0,0,0
Other Europe,1966,0,0,0,10.4,0,0,0,0
Other Europe,1967,0,0,0,11.2,0,0,0,0
Other Europe,1968,0,0,0,12.4,0,0,0,0
Other Europe,1969,0,0,0,15.3,0,0,0,0
Other Europe,1970,0,0,0,15.4,0,0,0,0
Other Europe,1971,0,0,0,16.5,0,0,0,0
Other Europe,1972,0,0,0,19.1,0,0,0,0
Other Europe,1973,0,0,0,17.7,0,0,0,0
Other Europe,1974,0,0,0,22.1,0,0,0,0
Other Europe,1975,0,0,0,21.1,0,0,0,0
Other Europe,1976,0,0,0,22.6,0,0,0,0
Other Europe,1977,0,0,0,26.7,0,0,0,0
Other Europe,1978,0,0,0,27.8,0,0,0,0
Other Europe,1979,0,0,0,29.4,0,0,0,0
Other Europe,1980,0,0,0,31.6,0,0,0,0
Other Europe,1981,0.3,0,0,28.5,0,0,0,0
Other Europe,1982,2.5,0,0,26.8,0,0,0,0
Other Europe,1983,3.9,0,0,25.2,0,0,0,0
Other Europe,1984,4.4,0,0,28.8,0,0,0,0
Other Europe,1985,4.1,0,0,33,0,70.7,291.4,77.5
Other Europe,1986,4,0,0,37.5,0,75.7,285.8,74.2
Other Europe,1987,4.5,0,0,38.7,0,68.2,292.4,73.1
Other Europe,1988,4.1,0,0,38.7,0,55.7,294.9,77.1
Other Europe,1989,4.7,0,0,35.6,0,71,305.6,83.6
Other Europe,1990,0,0,0,23.3,0,67.7,311.3,76.9
Other Europe,1991,0,0,0,28.5,0,73.9,315.2,74.3
Other Europe,1992,0,0,0,24.7,0,64.4,296.2,65.9
Other Europe,1993,0,0,0,22.6,0,59.1,281.5,65.9
Other Europe,1994,0,0,0,25.5,0,59.4,291.4,70.4
Other Europe,1995,0,0,0,25.6,0,66,292.9,73.1
Other Europe,1996,0,0,0,31.9,0,66.8,317.5,81.3
Other Europe,1997,0,0,0,29,0,67,303.1,74
Other Europe,1998,0,0,0,29.2,0,77.3,300.1,85.7
Other Europe,1999,0,0,0,31.4,0,72.7,282.5,103
Other Europe,2000,0,0,0,28.1,0,57.1,299.5,108.8
Other Europe,2001,0,0,0,27.2,0,61.1,301.6,116.9
Other Europe,2002,0,0,0,27.2,0,57.8,303.7,132.2
Other Europe,2003,0,0,0,27,0,53,332.8,146
Other Europe,2004,0,0,0,31.3,0,47.6,314.6,151.5
Other Europe,2005,0,0,0,32,0,51.1,302.3,154.4
Other Europe,2006,0,0,0,29.9,0,46.7,318.7,160.4
Other Europe,2007,0,0,0,25.5,0,43.2,323.1,166
Other Europe,2008,0,0,0,27.5,0,39.8,306.3,166
Other Europe,2009,0,0,0,31.9,0,35.6,288.4,162.2
Other Europe,2010,0,0,0,40.6,0,33,291.9,179
Other Europe,2011,0,0,0,26.9,0,26.8,293.3,174
Other Europe,2012,0,0,0,27.6,0.1,25.7,277.9,148.4
Other Europe,2013,0,0.1,0,36,0.1,21.8,270.8,124.9
Other Europe,2014,0,0.1,0,32.6,0.1,20.9,242.6,102.8
Other Europe,2015,0,0.2,0.1,32.3,0.1,20.7,241.6,124.2
Other Europe,2016,0,0.3,0.1,35.7,0.1,21.5,232.6,151.4
Other Europe,2017,0,0.4,0.3,28.8,0.2,21.7,232.6,172.2
Other Europe,2018,0,0.3,0.6,38.8,0.2,19.5,215.8,157.5
Other Europe,2019,0,0.3,1.5,34.1,0.2,19,175.6,179.1
Azerbaijan,1985,0,0,0,1.3,0,0,0,0
Azerbaijan,1986,0,0,0,0.8,0,0,0,0
Azerbaijan,1987,0,0,0,0.8,0,0,0,0
Azerbaijan,1988,0,0,0,0.7,0,0,0,0
Azerbaijan,1989,0,0,0,0.7,0,0,0,0
Azerbaijan,1990,0,0,0,1.7,0,0,0,0
Azerbaijan,1991,0,0,0,1.8,0,0,0,0
Azerbaijan,1992,0,0,0,1.7,0,0,0,0
Azerbaijan,1993,0,0,0,2.4,0,0,0,0
Azerbaijan,1994,0,0,0,1.8,0,0,0,0
Azerbaijan,1995,0,0,0,1.6,0,0,0,0
Azerbaijan,1996,0,0,0,1.5,0,0,0,0
Azerbaijan,1997,0,0,0,1.7,0,0,0,0
Azerbaijan,1998,0,0,0,2,0,0,0,0
Azerbaijan,1999,0,0,0,1.5,0,0,0,0
Azerbaijan,2000,0,0,0,1.5,0,0,0,0
Azerbaijan,2001,0,0,0,1.3,0,0,0,0
Azerbaijan,2002,0,0,0,2,0,0,0,0
Azerbaijan,2003,0,0,0,2.5,0,0,0,0
Azerbaijan,2004,0,0,0,2.8,0,0,0,0
Azerbaijan,2005,0,0,0,3,0,0,0,0
Azerbaijan,2006,0,0,0,2.5,0,0,0,0
Azerbaijan,2007,0,0,0,2.4,0,0,0,0
Azerbaijan,2008,0,0,0,2.2,0,0,0,0
Azerbaijan,2009,0,0,0,2.3,0,0,0,0
Azerbaijan,2010,0,0,0,3.4,0,0,0,0
Azerbaijan,2011,0,0,0,2.7,0,0,0,0
Azerbaijan,2012,0,0,0,1.8,0,0,0,0
Azerbaijan,2013,0,0,0,1.5,0.1,0,0,0
Azerbaijan,2014,0,0,0,1.3,0.1,0,0,0
Azerbaijan,2015,0,0,0,1.6,0.1,0,0,0
Azerbaijan,2016,0,0,0,2,0.1,0,0,0
Azerbaijan,2017,0,0,0,1.7,0.1,0,0,0
Azerbaijan,2018,0,0,0.1,1.8,0.1,0,0,0
Azerbaijan,2019,0,0,0.1,1.6,0.1,0,0,0
Belarus,2009,0,0,0,0,0.1,0,0,0
Belarus,2010,0,0,0,0,0.1,0,0,0
Belarus,2011,0,0,0,0,0.1,0,0,0
Belarus,2012,0,0,0,0.1,0.1,0,0,0
Belarus,2013,0,0,0,0.1,0.1,0,0,0
Belarus,2014,0,0,0,0.1,0.1,0,0,0
Belarus,2015,0,0,0,0.1,0.1,0,0,0
Belarus,2016,0,0,0.1,0.1,0.1,0,0,0
Belarus,2017,0,0.1,0.1,0.4,0.1,0,0,0
Belarus,2018,0,0.1,0.1,0.3,0.1,0,0,0
Belarus,2019,0,0.1,0.1,0.3,0.1,0,0,0
Kazakhstan,1985,0,0,0,5.2,0,8.3,59.1,8.7
Kazakhstan,1986,0,0,0,4.8,0,8.8,62.4,9.2
Kazakhstan,1987,0,0,0,5.7,0,9,64.3,9.5
Kazakhstan,1988,0,0,0,7,0,8.9,63.2,9.3
Kazakhstan,1989,0.1,0,0,7.3,0,9,63.9,9.4
Kazakhstan,1990,0,0,0,7.4,0,8.7,62.1,9.1
Kazakhstan,1991,0.5,0,0,7.2,0,7.5,62.1,8.6
Kazakhstan,1992,0.5,0,0,6.9,0,7.3,59.8,8.7
Kazakhstan,1993,0.4,0,0,7.6,0,6.7,55.3,7.8
Kazakhstan,1994,0.4,0,0,9.2,0,4.8,47.1,5.4
Kazakhstan,1995,0.1,0,0,8.3,0,4.9,48,5.5
Kazakhstan,1996,0.1,0,0,7.3,0,4.2,42.3,4.8
Kazakhstan,1997,0.3,0,0,6.5,0,3.8,37.2,4.2
Kazakhstan,1998,0.1,0,0,6.1,0,3.6,35.9,4.1
Kazakhstan,1999,0,0,0,6.1,0,3,34.1,4.1
Kazakhstan,2000,0,0,0,7.5,0,2.7,35.9,5.5
Kazakhstan,2001,0,0,0,8.1,0,2.3,39.1,5.9
Kazakhstan,2002,0,0,0,8.9,0,3.1,40.1,6.2
Kazakhstan,2003,0,0,0,8.6,0,2.6,45.8,6.8
Kazakhstan,2004,0,0,0,8.1,0,1.2,50.6,7.1
Kazakhstan,2005,0,0,0,7.9,0,2.6,50.2,7.3
Kazakhstan,2006,0,0,0,7.8,0,6.6,49.3,8
Kazakhstan,2007,0,0,0,8.2,0,7.2,56.2,5
Kazakhstan,2008,0,0,0,7.5,0,3.1,61.6,8.2
Kazakhstan,2009,0,0,0,6.9,0,0.9,58.1,12.9
Kazakhstan,2010,0,0,0,8,0,0.6,66.7,7.3
Kazakhstan,2011,0,0,0,7.9,0,0.5,70.2,7.9
Kazakhstan,2012,0,0,0,7.6,0,0.7,67.6,14.6
Kazakhstan,2013,0,0,0,7.7,0,0.5,69,15.3
Kazakhstan,2014,0,0,0,8.3,0,0.9,67.5,18
Kazakhstan,2015,0,0,0.1,9.3,0,1,64.6,16.6
Kazakhstan,2016,0,0.1,0.3,11.6,0,1.7,61.6,19.3
Kazakhstan,2017,0,0.1,0.3,11.2,0,0.8,71.1,19.6
Kazakhstan,2018,0,0.1,0.4,10.4,0,0.8,79.6,20.7
Kazakhstan,2019,0,0.3,0.5,10,0,0.8,78.1,20.8
Russian Federation,1985,99.3,0,0,159.7,0,113.3,138.4,451.3
Russian Federation,1986,105.2,0,0,164.3,0,118,144,469.8
Russian Federation,1987,124.7,0,0,162.5,0,122.5,149.6,487.9
Russian Federation,1988,134.8,0,0,160.9,0,124.1,151.5,494.2
Russian Federation,1989,136.3,0,0,159.7,0,125.8,153.6,501
Russian Federation,1990,118.3,0,0,166.8,0.1,128.5,156.9,511.6
Russian Federation,1991,120,0,0,168.1,0.1,124,154.7,501.3
Russian Federation,1992,119.6,0,0,172.6,0.1,100.1,154.1,460.2
Russian Federation,1993,119.2,0,0,174.3,0.1,82.9,148.4,429.2
Russian Federation,1994,97.8,0,0,175.9,0.1,73.3,162.5,363.7
Russian Federation,1995,99.5,0,0,176.3,0.1,67.8,160.3,353.5
Russian Federation,1996,109,0,0,154.3,0.1,56.5,160.6,364.1
Russian Federation,1997,108.5,0,0,157.4,0.1,51.8,157,356.9
Russian Federation,1998,103.7,0,0,158.5,0.1,52.9,163,346.5
Russian Federation,1999,121.9,0,0,160.5,0.1,40.9,161.3,358.6
Russian Federation,2000,130.7,0,0,164.1,0.1,33.1,175.6,370.4
Russian Federation,2001,136.9,0,0,173.9,0.1,30,168.8,376.7
Russian Federation,2002,141.6,0,0,162.2,0.2,27.4,170.4,384.8
Russian Federation,2003,150.3,0,0,155.7,0.4,27.1,172.2,406.8
Russian Federation,2004,144.7,0,0,175.7,0.4,23.9,160.9,422.6
Russian Federation,2005,149.4,0,0,172.6,0.5,21.3,165.7,440.1
Russian Federation,2006,156.4,0,0,173.3,0.5,24.2,177.8,455.2
Russian Federation,2007,160.1,0,0,177,0.5,17.3,170.7,489.1
Russian Federation,2008,163.1,0,0,164.8,0.5,16.1,196.6,494.4
Russian Federation,2009,163.6,0,0,174.2,0.5,16,164.4,469.8
Russian Federation,2010,170.4,0,0,166.5,0.5,9.3,166.1,520.5
Russian Federation,2011,172.9,0,0,163.1,0.6,27.5,165,521.3
Russian Federation,2012,177.5,0,0,163.5,0.5,28.1,169.2,526.1
Russian Federation,2013,172.5,0,0,181.2,0.5,8.7,161.9,530
Russian Federation,2014,180.8,0.2,0.1,173.4,0.6,10.7,158.7,534.8
Russian Federation,2015,195.5,0.3,0.1,168,0.5,10.1,158.6,529.8
Russian Federation,2016,196.6,0.5,0.1,184.6,0.4,11,171.5,521.8
Russian Federation,2017,203.1,0.5,0.1,185.2,0.5,6.9,173.8,516.5
Russian Federation,2018,204.6,0.6,0.2,190.6,0.5,6.8,190.3,511.1
Russian Federation,2019,209,1,0.3,194.4,0.5,6.9,182.2,519.5
USSR,1965,1.9,0,0,81.4,0,0,0,0
USSR,1966,2.1,0,0,91.8,0,0,0,0
USSR,1967,2.3,0,0,88.6,0,0,0,0
USSR,1968,3.1,0,0,104,0,0,0,0
USSR,1969,3.6,0,0,115.2,0,0,0,0
USSR,1970,4.4,0,0,124.4,0,0,0,0
USSR,1971,5.4,0,0,126.1,0,0,0,0
USSR,1972,9.8,0,0,122.9,0,0,0,0
USSR,1973,14.3,0,0,122.3,0,0,0,0
USSR,1974,21.5,0,0,132,0,0,0,0
USSR,1975,28.6,0,0,126,0,0,0,0
USSR,1976,38.2,0,0,135.7,0,0,0,0
USSR,1977,51,0,0,147,0,0,0,0
USSR,1978,52.5,0,0,169.7,0,0,0,0
USSR,1979,59.6,0,0,172,0,0,0,0
USSR,1980,73.9,0,0,183.9,0,0,0,0
USSR,1981,87.1,0,0,186.7,0,0,0,0
USSR,1982,100.3,0,0,174.7,0,0,0,0
USSR,1983,111.4,0,0,180.4,0,0,0,0
USSR,1984,143.8,0,0,203,0,0,0,0
Uzbekistan,1985,0,0,0,5.4,0,0,0,0
Uzbekistan,1986,0,0,0,4.6,0,0,0,0
Uzbekistan,1987,0,0,0,6.8,0,0,0,0
Uzbekistan,1988,0,0,0,7.2,0,0,0,0
Uzbekistan,1989,0,0,0,5.5,0,0,0,0
Uzbekistan,1990,0,0,0,6.6,0,0,0,0
Uzbekistan,1991,0,0,0,6,0,0,0,0
Uzbekistan,1992,0,0,0,6.3,0,0,0,0
Uzbekistan,1993,0,0,0,7.4,0,0,0,0
Uzbekistan,1994,0,0,0,7.2,0,0,0,0
Uzbekistan,1995,0,0,0,6.2,0,0,0,0
Uzbekistan,1996,0,0,0,6.5,0,0,0,0
Uzbekistan,1997,0,0,0,5.8,0,0,0,0
Uzbekistan,1998,0,0,0,5.8,0,0,0,0
Uzbekistan,1999,0,0,0,5.7,0,0,0,0
Uzbekistan,2000,0,0,0,5.9,0,0,0,0
Uzbekistan,2001,0,0,0,6,0,0,0,0
Uzbekistan,2002,0,0,0,6.2,0,0,0,0
Uzbekistan,2003,0,0,0,7.2,0,0,0,0
Uzbekistan,2004,0,0,0,6.5,0,0,0,0
Uzbekistan,2005,0,0,0,6.9,0,0,0,0
Uzbekistan,2006,0,0,0,5.8,0,0,0,0
Uzbekistan,2007,0,0,0,6.5,0,0,0,0
Uzbekistan,2008,0,0,0,4.4,0,0,0,0
Uzbekistan,2009,0,0,0,6.5,0,0,0,0
Uzbekistan,2010,0,0,0,8.2,0,0,0,0
Uzbekistan,2011,0,0,0,5.7,0,0,0,0
Uzbekistan,2012,0,0,0,6.4,0,0,0,0
Uzbekistan,2013,0,0,0,6.3,0,0,0,0
Uzbekistan,2014,0,0,0,6.2,0,0,0,0
Uzbekistan,2015,0,0,0,6,0,0,0,0
Uzbekistan,2016,0,0,0,7.3,0,0,0,0
Uzbekistan,2017,0,0,0,8.4,0,0,0,0
Uzbekistan,2018,0,0,0,5.9,0,0,0,0
Uzbekistan,2019,0,0,0,6.5,0,0,0,0
Iran,1965,0,0,0,1.7,0,0,0,0
Iran,1966,0,0,0,1.8,0,0,0,0
Iran,1967,0,0,0,2,0,0,0,0
Iran,1968,0,0,0,2.1,0,0,0,0
Iran,1969,0,0,0,2.3,0,0,0,0
Iran,1970,0,0,0,2.5,0,0,0,0
Iran,1971,0,0,0,2.7,0,0,0,0
Iran,1972,0,0,0,3.5,0,0,0,0
Iran,1973,0,0,0,3,0,0,0,0
Iran,1974,0,0,0,3.3,0,0,0,0
Iran,1975,0,0,0,3.4,0,0,0,0
Iran,1976,0,0,0,3.8,0,0,0,0
Iran,1977,0,0,0,4,0,0,0,0
Iran,1978,0,0,0,6.2,0,0,0,0
Iran,1979,0,0,0,5.4,0,0,0,0
Iran,1980,0,0,0,5.6,0,0,0,0
Iran,1981,0,0,0,6.1,0,0,0,0
Iran,1982,0,0,0,6.4,0,0,0,0
Iran,1983,0,0,0,6.3,0,0,0,0
Iran,1984,0,0,0,5.9,0,0,0,0
Iran,1985,0,0,0,5.9,0,19.2,0.1,13.7
Iran,1986,0,0,0,7.1,0,19.3,0.1,15.8
Iran,1987,0,0,0,7.8,0,23.6,0.1,13.5
Iran,1988,0,0,0,8.2,0,18.6,0.1,20
Iran,1989,0,0,0,6.7,0,18.3,0.1,26.4
Iran,1990,0,0,0,7.4,0,19.9,0.1,30.3
Iran,1991,0,0,0,5.6,0,22.1,0.1,35
Iran,1992,0,0,0,9.2,0,20.7,0.1,37.2
Iran,1993,0,0,0,10.5,0,23.8,0.1,40.3
Iran,1994,0,0,0,6.9,0,26.8,0.1,47.2
Iran,1995,0,0,0,8.3,0,29.3,0.1,46.6
Iran,1996,0,0,0,8.8,0,31.7,0.1,49.1
Iran,1997,0,0,0,5.9,0,32.1,0.1,58.9
Iran,1998,0,0,0,7.5,0,23,0.1,71.8
Iran,1999,0,0,0,5.1,0,27.3,0.4,77.2
Iran,2000,0,0,0,3.8,0,33.5,0.5,81.6
Iran,2001,0,0,0,4.1,0,33.5,0.5,89.5
Iran,2002,0,0,0,8,0,31.6,0.5,98
Iran,2003,0,0,0,9.6,0,31.7,0.5,109.9
Iran,2004,0,0,0,11.9,0,35.7,0.5,114.6
Iran,2005,0,0,0.1,14.4,0,37.4,0.6,124.6
Iran,2006,0,0,0.1,18.5,0,49.1,0.6,125.1
Iran,2007,0,0,0.1,18,0,45.7,0.6,138.8
Iran,2008,0,0,0.2,7.4,0,67.4,0.4,135.1
Iran,2009,0,0,0.2,6.7,0,65.1,0.4,149.4
Iran,2010,0,0,0.2,10.3,0,49.5,0.4,175.4
Iran,2011,0.1,0,0.2,10.7,0,83.6,0.4,140.5
Iran,2012,1.5,0,0.2,12.5,0,81.2,0.4,153
Iran,2013,4.3,0,0.2,14.6,0,103.4,0.5,135.8
Iran,2014,4.1,0,0.2,14.5,0,63.6,0.5,192.7
Iran,2015,3.5,0,0.2,13.3,0,56.3,0.5,206.4
Iran,2016,6.5,0,0.3,15.4,0,39.7,0.5,223.7
Iran,2017,7,0.1,0.3,17.2,0,28.9,0.6,251.2
Iran,2018,6.9,0.1,0.3,11.4,0,86,0.6,209
Iran,2019,6.4,0.2,0.4,29,0,82.6,0.6,199.5
South Africa,1971,0,0,0,0.1,0,0,0,0
South Africa,1972,0,0,0,0.8,0,0,0,0
South Africa,1973,0,0,0,1,0,0,0,0
South Africa,1974,0,0,0,1.1,0,0,0,0
South Africa,1975,0,0,0,1.1,0,0,0,0
South Africa,1976,0,0,0,1.9,0,0,0,0
South Africa,1977,0,0,0,1.9,0,0,0,0
South Africa,1978,0,0,0,1.9,0,0,0,0
South Africa,1979,0,0,0,1.1,0,0,0,0
South Africa,1980,0,0,0,1,0,0,0,0
South Africa,1981,0,0,0,1.7,0,0,0,0
South Africa,1982,0,0,0,1,0,0,0,0
South Africa,1983,0,0,0,0.6,0,0,0,0
South Africa,1984,3.9,0,0,0.6,0,0,0,0
South Africa,1985,5.3,0,0,0.6,0,0,135.4,0
South Africa,1986,8.8,0,0,1.6,0,0,136,0
South Africa,1987,6.2,0,0,1.6,0,0,142.8,0
South Africa,1988,10.5,0,0,3.2,0,0.1,143,0
South Africa,1989,11.1,0,0,2.8,0,0,148.5,0
South Africa,1990,8.4,0,0,1,0,0,155.9,0
South Africa,1991,9.1,0,0,2,0,0,155.4,0
South Africa,1992,9.3,0,0,0.8,0,0,156.7,0
South Africa,1993,7.3,0,0,0.1,0,0,166,0
South Africa,1994,9.7,0,0,1.1,0,0,169.4,0
South Africa,1995,11.3,0,0,0.5,0,0,173.6,0
South Africa,1996,11.8,0,0,1.3,0.1,0,184.7,0
South Africa,1997,12.6,0,0,2.1,0.1,0,192.9,0
South Africa,1998,13.6,0,0,1.6,0.2,0,187.5,0
South Africa,1999,12.8,0,0,0.7,0.2,0,186.7,0
South Africa,2000,13,0,0,1.1,0.5,0,193.2,0
South Africa,2001,10.7,0,0,1.7,0.4,0,195.3,0
South Africa,2002,12,0,0,2.1,0.5,0,204,0
South Africa,2003,12.7,0,0,0.8,0.4,0,217.3,0
South Africa,2004,13.4,0,0,0.9,0.4,0,226.2,0
South Africa,2005,11.3,0,0,1.3,0.4,0,228.9,0.1
South Africa,2006,10,0,0,2.9,0.4,0,237.5,0
South Africa,2007,11.3,0,0,2.9,0.4,1.2,244.6,0.1
South Africa,2008,13,0,0,1.3,0.5,0.1,240.5,0.1
South Africa,2009,12.8,0,0,1.5,0.4,0,232,0
South Africa,2010,13.5,0,0,1.1,0.4,0.2,240.5,0.8
South Africa,2011,12.9,0.1,0,3.1,0.4,0.7,241.5,0.9
South Africa,2012,13,0.1,0,1,0.4,1.9,236.7,1.8
South Africa,2013,14.1,0.2,0,1.1,0.5,3.6,230.7,3
South Africa,2014,13.8,1.1,1.1,1.8,0.4,3.7,226.6,3.1
South Africa,2015,12.2,2.7,3.1,0.8,0.4,3.9,220,4
South Africa,2016,15.9,3.3,4.2,0.7,0.4,0,223.2,1.7
South Africa,2017,15.8,4.3,5.9,0.9,0.5,0.1,221.4,1.9
South Africa,2018,11.1,4.9,6.9,0.8,0.4,1.2,224.6,1.9
South Africa,2019,14.2,5.3,6.9,0.8,0.4,1.2,217.3,1.9
China,1965,0,0,0,22.1,0,0,0,0
China,1966,0,0,0,22.5,0,0,0,0
China,1967,0,0,0,19.4,0,0,0,0
China,1968,0,0,0,22.9,0,0,0,0
China,1969,0,0,0,23.3,0,0,0,0
China,1970,0,0,0,24,0,0,0,0
China,1971,0,0,0,29.1,0,0,0,0
China,1972,0,0,0,33,0,0,0,0
China,1973,0,0,0,36.8,0,0,0,0
China,1974,0,0,0,41.7,0,0,0,0
China,1975,0,0,0,43.6,0,0,0,0
China,1976,0,0,0,44.2,0,0,0,0
China,1977,0,0,0,46.1,0,0,0,0
China,1978,0,0,0,43.2,0,0,0,0
China,1979,0,0,0,48.6,0,0,0,0
China,1980,0,0,0,58.2,0,0,0,0
China,1981,0,0,0,65.5,0,0,0,0
China,1982,0,0,0,74.4,0,0,0,0
China,1983,0,0,0,86.4,0,0,0,0
China,1984,0,0,0,86.8,0,0,0,0
China,1985,0,0,0,92.4,0,56.7,260.6,1
China,1986,0,0,0,94.5,0,53.7,299.6,1.7
China,1987,0,0,0,100,0,54.6,339.9,2.7
China,1988,0,0,0,109.2,0,60.3,373.7,2.1
China,1989,0,0,0,118.4,0,57.6,405.1,3.7
China,1990,0,0,0,126.7,0.1,50.4,441.3,2.8
China,1991,0,0,0,124.7,0.1,51.9,498.4,2.4
China,1992,0,0,0.1,130.7,0.1,53.2,567.3,2.5
China,1993,1.6,0,0.2,151.8,0.1,65.5,589.2,3.1
China,1994,14.8,0,0.4,167.4,0.5,48.2,693.4,3.2
China,1995,12.8,0,0.6,190.6,3,55.1,741.9,3
China,1996,14.3,0,0.1,188,1.5,50.4,824.2,2.8
China,1997,14.4,0,0.2,196,2.7,47.1,867,8.1
China,1998,14.1,0,0.4,198.9,2.5,53.4,891.7,6.1
China,1999,14.9,0,0.5,196.6,2.5,50.3,969.7,4.8
China,2000,16.7,0,0.6,222.4,2.5,47.3,1060.3,5.8
China,2001,17.5,0,0.7,277.4,2.6,48.5,1129.1,4.9
China,2002,25.1,0,0.8,288,2.5,50.7,1282.6,4.2
China,2003,43.3,0.1,1,283.7,2.5,54.8,1520,5.2
China,2004,50.5,0.1,1.3,353.5,2.5,65.5,1722.4,7.5
China,2005,53.1,0.1,1.9,397,5.3,50.5,1980.1,12.1
China,2006,54.8,0.1,3.7,435.8,7.1,37.9,2302.4,23.8
China,2007,62.1,0.1,5.5,485.3,9.9,28.1,2656.7,33.9
China,2008,68.4,0.2,13.1,637,14.9,18.8,2708.9,34.6
China,2009,70.1,0.3,27.6,615.6,20.9,12.1,2911.5,56.6
China,2010,74.7,0.7,49.4,711.4,24.9,14.9,3233.6,77.7
China,2011,87.2,2.6,74.1,688,27.6,12.1,3690.9,108.8
China,2012,98.3,3.6,103,862.8,30.1,10.9,3748.2,110.3
China,2013,111.5,8.4,138.3,909.6,37.1,10,4077.4,116.4
China,2014,133.2,23.5,159.8,1059.7,46.3,9.5,4203.1,133.3
China,2015,171.4,39.5,185.6,1114.5,54.1,9.7,4046.2,166.9
China,2016,213.2,66.5,240.9,1153.3,62.1,10.4,4156.4,188.3
China,2017,248.1,117.8,304.6,1165.1,79.6,9.9,4430,203.2
China,2018,295,176.9,365.8,1198.9,93.7,5.5,4765,215.5
China,2019,348.7,223.8,405.7,1269.7,102.8,6,4853.7,236.5
India,1965,0,0,0,19.2,0,0,0,0
India,1966,0,0,0,20,0,0,0,0
India,1967,0,0,0,22.4,0,0,0,0
India,1968,0,0,0,25.8,0,0,0,0
India,1969,0.7,0,0,28.7,0,0,0,0
India,1970,1.3,0,0,30.4,0,0,0,0
India,1971,1,0,0,33.4,0,0,0,0
India,1972,0.9,0,0,32.4,0,0,0,0
India,1973,2,0,0,34.5,0,0,0,0
India,1974,1.8,0,0,33.2,0,0,0,0
India,1975,2.1,0,0,39.7,0,0,0,0
India,1976,2.7,0,0,41.5,0,0,0,0
India,1977,1.9,0,0,45.3,0,0,0,0
India,1978,2.3,0,0,56.2,0,0,0,0
India,1979,2.3,0,0,54.2,0,0,0,0
India,1980,2.4,0,0,55.4,0,0,0,0
India,1981,2.5,0,0,59.1,0,0,0,0
India,1982,2.2,0,0,49.9,0,0,0,0
India,1983,3.1,0,0,48,0,0,0,0
India,1984,4,0,0,53.7,0,0,0,0
India,1985,4.5,0,0,51.8,0,11.9,116,2.2
India,1986,5,0,0,52.6,0,11.5,129.9,3.7
India,1987,5.3,0,0,49,0,12.4,152.8,4.2
India,1988,6.1,0,0,54.6,0,12.3,164.7,3.6
India,1989,4,0,0,63.4,0,12.8,185,7.3
India,1990,6.4,0,0,66.4,0,13.3,191.6,10
India,1991,5.4,0,0.1,73.9,0.1,13.4,214.1,13.4
India,1992,6.4,0,0.1,70.1,0.1,14.8,229.4,16.3
India,1993,6.2,0,0.1,70.7,0.3,14.2,252.8,17.9
India,1994,4.9,0,0.2,80.2,0.4,15.7,264.6,21.9
India,1995,7.6,0,0.5,75.9,0.6,16.8,296.3,29.4
India,1996,8.4,0,0.9,69.1,0.8,19.8,312.2,32
India,1997,10.1,0,1,70.2,1,20.9,325.8,40.2
India,1998,11.4,0,1.1,83.6,1.3,21,336.5,50.2
India,1999,12.7,0,1.4,82.2,1.7,24.8,365.4,59
India,2000,15.8,0,1.6,77,1.7,29.2,390.2,56
India,2001,18.9,0,2.1,72,2.1,26.8,408.3,55.9
India,2002,19.4,0,2.1,68.5,2.1,27.9,426.7,62.9
India,2003,18.1,0,2.6,69.3,2.7,31.1,441.5,72.8
India,2004,21.3,0,5.2,100.6,3.3,28.3,463,76.6
India,2005,17.7,0,6,97.4,4,25.4,478.5,75.5
India,2006,17.6,0,9.3,112.6,5.6,19.1,505.5,74.7
India,2007,17.8,0.1,11.7,122.6,7.4,13.4,533.3,90
India,2008,15.2,0.1,14.4,115.2,9.3,15.3,573.1,85.9
India,2009,16.8,0.1,16.3,106.3,11.6,13.1,611.1,104.4
India,2010,23.1,0.1,19.5,108.7,14.3,10.8,643,118
India,2011,32.2,0.8,24,131.7,17.1,9.4,701.3,117.6
India,2012,33.1,2.1,27.4,115.8,19.9,10.1,787.1,96.3
India,2013,33.3,3.4,30,132,22.5,10.7,848,66.3
India,2014,34.7,4.9,33.5,139,24.7,11.3,949.9,64
India,2015,38.3,6.6,32.7,133.3,25.8,9.1,1006.6,64.8
India,2016,37.9,11.6,43.5,128.4,24.8,9.3,1073.6,72.6
India,2017,37.4,21.5,52.6,135.8,25,10.1,1117.6,73.5
India,2018,39.1,36.3,60.3,139.6,26.2,8.5,1167.3,73.9
India,2019,45.2,46.3,63.3,161.8,25.4,8.2,1137.4,71
Indonesia,1965,0,0,0,1.8,0,0,0,0
Indonesia,1966,0,0,0,2.4,0,0,0,0
Indonesia,1967,0,0,0,2.7,0,0,0,0
Indonesia,1968,0,0,0,3.3,0,0,0,0
Indonesia,1969,0,0,0,3.4,0,0,0,0
Indonesia,1970,0,0,0,4.2,0,0,0,0
Indonesia,1971,0,0,0,1.4,0,0,0,0
Indonesia,1972,0,0,0,1.2,0,0,0,0
Indonesia,1973,0,0,0,1.6,0,0,0,0
Indonesia,1974,0,0,0,1.7,0,0,0,0
Indonesia,1975,0,0,0,1.8,0,0,0,0
Indonesia,1976,0,0,0,1.1,0,0,0,0
Indonesia,1977,0,0,0,1.8,0,0,0,0
Indonesia,1978,0,0,0,1.3,0,0,0,0
Indonesia,1979,0,0,0,1.4,0,0,0,0
Indonesia,1980,0,0,0,1.3,0,0,0,0
Indonesia,1981,0,0,0,1.3,0,0,0,0
Indonesia,1982,0,0,0,1.4,0,0,0,0
Indonesia,1983,0,0,0,2.1,0,0,0,0
Indonesia,1984,0,0,0,2.3,0,0,0,0
Indonesia,1985,0,0,0,2.8,0,6.6,5.2,1.8
Indonesia,1986,0,0,0,4.5,0,6.7,5.3,1.9
Indonesia,1987,0,0,0,4.6,0,7.8,6.2,2.2
Indonesia,1988,0,0,0,5,0,9.6,7.6,2.6
Indonesia,1989,0,0,0,6.3,0,10.7,8.5,3
Indonesia,1990,0,0,0,6.5,1.1,12.3,9.8,3.4
Indonesia,1991,0,0,0,7.4,1.1,14.2,11,4.3
Indonesia,1992,0,0,0,9.6,1.1,14.9,11.4,3.2
Indonesia,1993,0,0,0,8.9,1.1,14.7,10.7,4.3
Indonesia,1994,0,0,0,8,1.6,11.2,12.8,12.3
Indonesia,1995,0,0,0,8.3,2.2,8.6,14.4,20.7
Indonesia,1996,0,0,0,8.8,2.3,9.2,16.7,21.9
Indonesia,1997,0,0,0,5.9,2.7,12,20.5,29.6
Indonesia,1998,0,0,0,10.4,3.3,9.5,22.4,31.1
Indonesia,1999,0,0,0,10.4,3.9,9.8,26.3,33.5
Indonesia,2000,0,0,0,10,4.9,12.5,34,31.9
Indonesia,2001,0,0,0,11.7,6,13.2,37.7,33.1
Indonesia,2002,0,0,0,9.9,6.2,16.3,42.9,32.8
Indonesia,2003,0,0,0,9.1,6.3,17.4,46.5,33.7
Indonesia,2004,0,0,0,9.7,6.7,18.6,48.2,37
Indonesia,2005,0,0,0,10.7,6.6,17.3,51.8,41.1
Indonesia,2006,0,0,0,9.6,6.7,17.7,58.7,40.4
Indonesia,2007,0,0,0,11.3,7,18.3,63.9,41.9
Indonesia,2008,0,0,0,11.5,8.3,20.8,61.5,47.2
Indonesia,2009,0,0,0,11.4,9.3,19.9,65.9,50.3
Indonesia,2010,0,0,0,17.5,9.4,19.1,68.5,55.3
Indonesia,2011,0,0,0,12.4,9.5,22.9,81.1,57.4
Indonesia,2012,0,0,0,12.8,9.6,21.6,102.2,54
Indonesia,2013,0,0,0,16.9,9.5,20.7,111.3,57.7
Indonesia,2014,0,0,0,15.2,10.2,23.1,119.5,60.5
Indonesia,2015,0,0,0,13.7,10.3,32.1,124.7,52.9
Indonesia,2016,0,0,0,18.7,11,23.2,135.4,59.3
Indonesia,2017,0,0,0,18.6,13.1,18.9,148,55.7
Indonesia,2018,0,0,0.2,16.8,14.4,18.1,160,57.3
Indonesia,2019,0,0.1,0.2,17,15.7,17.3,177,51.6
Japan,1965,0,0,0,76.1,0,0,0,0
Japan,1966,0.6,0,0,79.4,0,0,0,0
Japan,1967,0.6,0,0,68.6,0,0,0,0
Japan,1968,1,0,0,73.5,0,0,0,0
Japan,1969,1.1,0,0,75.4,0,0,0,0
Japan,1970,4.6,0,0,75.4,0.2,0,0,0
Japan,1971,8,0,0,84.2,0.2,0,0,0
Japan,1972,9.5,0,0,85.1,0.2,0,0,0
Japan,1973,9.7,0,0,66.8,0.3,0,0,0
Japan,1974,19.7,0,0,82.7,0.3,0,0,0
Japan,1975,25.1,0,0,83.4,0.4,0,0,0
Japan,1976,34.1,0,0,83.6,0.4,0,0,0
Japan,1977,31.7,0,0,73,0.5,0,0,0
Japan,1978,59.3,0,0,70,0.8,0,0,0
Japan,1979,70.4,0,0,80.7,1.1,0,0,0
Japan,1980,82.6,0,0,88.3,1.1,0,0,0
Japan,1981,87.8,0,0,87.6,1.1,0,0,0
Japan,1982,102.4,0,0,81.6,9.9,0,0,0
Japan,1983,114.3,0,0,84.3,11,0,0,0
Japan,1984,134.3,0,0,71.6,12.1,0,0,0
Japan,1985,159.6,0,0,82.9,12.7,183.9,99.3,128
Japan,1986,165.4,0,0,80.8,13.8,180.8,98.8,130.8
Japan,1987,188.6,0,0,74.8,14.8,191.8,107.3,135
Japan,1988,173.9,0,0,90.3,16,213,112.2,141.9
Japan,1989,185.8,0,0,91.7,17,231.8,116.9,149.6
Japan,1990,194.6,0,0,86.9,11.3,287.5,119.3,172.9
Japan,1991,208.7,0,0,94.4,11.7,275.4,125.6,184.3
Japan,1992,217,0,0,80,11.9,282.1,132,184.2
Japan,1993,247.7,0,0,92.6,11.6,238.8,140.2,182.3
Japan,1994,258.2,0,0,64.5,13.5,281.1,156.8,199.1
Japan,1995,286.9,0,0,78.8,14.3,248.7,168.6,201.2
Japan,1996,296.5,0.1,0,77.2,15.2,237.3,178.4,212.9
Japan,1997,321.2,0.1,0,86.4,16.4,208.9,188.1,219.7
Japan,1998,326,0.1,0,89.1,16.2,192.4,192.2,230.1
Japan,1999,317.2,0.2,0,83.8,16.5,193.2,211.6,244.7
Japan,2000,319.1,0.3,0.1,84.5,16.1,179.4,233.9,253.8
Japan,2001,320.5,0.5,0.3,81.5,16,151,249.2,251.7
Japan,2002,314.3,0.7,0.4,80.6,16.9,170.2,260.1,248.6
Japan,2003,230.1,1,0.8,92.5,17.9,182.6,288,269.3
Japan,2004,285.9,1.3,1.4,91.7,18.1,167.2,291.1,254.1
Japan,2005,293,1.6,1.9,77.6,21.7,182.6,315.1,249.9
Japan,2006,304.3,2,2.1,88.8,21.5,152.3,307.5,276.6
Japan,2007,279,2.3,2.7,74.5,22.2,182.7,313,292.8
Japan,2008,251.7,2.6,2.9,75.2,21.3,170,331,322.2
Japan,2009,274.7,3,3.4,70.5,20.3,104.5,309.6,322.2
Japan,2010,292.4,4,3.9,88.5,21.8,101.2,312.7,321.9
Japan,2011,162.9,5.4,4.5,82.5,21.1,160.9,281.6,375.2
Japan,2012,18,7.4,4.7,77.1,22.1,205.6,330.8,430.9
Japan,2013,14.6,12.9,5.1,79.3,23.2,165,359.2,419.7
Japan,2014,0,23.5,5,81.7,23.6,121.5,353.1,447.7
Japan,2015,4.5,34.5,5.2,85.8,28.5,103.6,346.7,414
Japan,2016,17.7,43.3,6.1,74.1,18.6,92.2,337,394.5
Japan,2017,29.1,54.2,6.3,79.2,21.3,69.5,331.9,401.5
Japan,2018,49.1,66.1,7.4,81,23.4,66.2,323,386.9
Japan,2019,65.6,75.3,8.6,73.9,37.3,44.7,326.2,362.4
Pakistan,1965,0,0,0,2.2,0,0,0,0
Pakistan,1966,0,0,0,2.2,0,0,0,0
Pakistan,1967,0,0,0,2.6,0,0,0,0
Pakistan,1968,0,0,0,3.1,0,0,0,0
Pakistan,1969,0,0,0,3.3,0,0,0,0
Pakistan,1970,0,0,0,2.9,0,0,0,0
Pakistan,1971,0,0,0,3.8,0,0,0,0
Pakistan,1972,0.2,0,0,4,0,0,0,0
Pakistan,1973,0.4,0,0,4.2,0,0,0,0
Pakistan,1974,0.5,0,0,4.3,0,0,0,0
Pakistan,1975,0.6,0,0,4.9,0,0,0,0
Pakistan,1976,0.5,0,0,5.3,0,0,0,0
Pakistan,1977,0.3,0,0,6.3,0,0,0,0
Pakistan,1978,0.2,0,0,7.8,0,0,0,0
Pakistan,1979,0.1,0,0,8.5,0,0,0,0
Pakistan,1980,0.1,0,0,8.9,0,0,0,0
Pakistan,1981,0.2,0,0,9.3,0,0,0,0
Pakistan,1982,0.2,0,0,10.4,0,0,0,0
Pakistan,1983,0.3,0,0,12.1,0,0,0,0
Pakistan,1984,0.3,0,0,12.5,0,0,0,0
Pakistan,1985,0.4,0,0,13,0,0,0,0
Pakistan,1986,0.5,0,0,12.5,0,0,0,0
Pakistan,1987,0.3,0,0,16.4,0,0,0,0
Pakistan,1988,0.2,0,0,17.2,0,0,0,0
Pakistan,1989,0.1,0,0,17.4,0,0,0,0
Pakistan,1990,0.4,0,0,17.1,0,0,0,0
Pakistan,1991,0.4,0,0,18.3,0,0,0,0
Pakistan,1992,0.6,0,0,19.9,0,0,0,0
Pakistan,1993,0.4,0,0,21.9,0,0,0,0
Pakistan,1994,0.6,0,0,21.5,0,0,0,0
Pakistan,1995,0.5,0,0,22.7,0,0,0,0
Pakistan,1996,0.3,0,0,24.8,0,0,0,0
Pakistan,1997,0.5,0,0,18.4,0,0,0,0
Pakistan,1998,0.4,0,0,24.1,0,0,0,0
Pakistan,1999,0.1,0,0,21.5,0,0,0,0
Pakistan,2000,0.9,0,0,17.6,0.9,0,0,0
Pakistan,2001,2.1,0,0,18.3,0.9,0,0,0
Pakistan,2002,1.9,0,0,20.4,1,0,0,0
Pakistan,2003,1.9,0,0,24.6,1,0,0,0
Pakistan,2004,2.4,0,0,26.2,1.1,0,0,0
Pakistan,2005,2.5,0,0,30.7,0,0,0,0
Pakistan,2006,2.5,0,0,30.3,0,0,0,0
Pakistan,2007,2.3,0,0,31.7,0,0,0,0
Pakistan,2008,1.7,0,0,27.3,0,0,0,0
Pakistan,2009,2.5,0,0,28.7,0,0,0,0
Pakistan,2010,2.5,0,0,29.8,0,0,0,0
Pakistan,2011,3.9,0,0,30.6,0,0,0,0
Pakistan,2012,2.7,0.1,0,10.7,0,0,0,0
Pakistan,2013,7.1,0.1,0.4,49.7,0,0,0,0
Pakistan,2014,4.4,0.2,0.8,32.3,0,0,0,0
Pakistan,2015,4.4,0.4,0.8,32.8,0.6,0,0,0
Pakistan,2016,5.4,0.7,1.4,34.6,0.8,0,0,0
Pakistan,2017,7.9,0.9,2.1,30.6,1,0,0,0
Pakistan,2018,9.8,1,3.1,29.1,1,0,0,0
Pakistan,2019,9.5,1.2,4.8,35.6,0.9,0,0,0
South Korea,1965,0,0,0,0.7,0,0,0,0
South Korea,1966,0,0,0,1,0,0,0,0
South Korea,1967,0,0,0,1,0,0,0,0
South Korea,1968,0,0,0,0.9,0,0,0,0
South Korea,1969,0,0,0,1.4,0,0,0,0
South Korea,1970,0,0,0,1.2,0,0,0,0
South Korea,1971,0,0,0,1.3,0,0,0,0
South Korea,1972,0,0,0,1.4,0,0,0,0
South Korea,1973,0,0,0,1.3,0,0,0,0
South Korea,1974,0,0,0,1.9,0,0,0,0
South Korea,1975,0,0,0,1.7,0,0,0,0
South Korea,1976,0,0,0,1.8,0,0,0,0
South Korea,1977,0.1,0,0,1.4,0,0,0,0
South Korea,1978,2.3,0,0,1.8,0,0,0,0
South Korea,1979,3.2,0,0,2.3,0,0,0,0
South Korea,1980,3.5,0,0,1.9,0,0,0,0
South Korea,1981,2.9,0,0,2.6,0,0,0,0
South Korea,1982,3.8,0,0,1.7,0,0,0,0
South Korea,1983,9,0,0,2.3,0,0,0,0
South Korea,1984,11.8,0,0,2,0,0,0,0
South Korea,1985,16.7,0,0,3.2,0,17.4,24.8,0.1
South Korea,1986,28.3,0,0,3.1,0,12.3,25,0.1
South Korea,1987,39.3,0,0,4,0,2.4,23.6,9.5
South Korea,1988,40.1,0,0,2,0,8.8,29.6,11.1
South Korea,1989,47.4,0,0,3,0,11.2,30.6,9.9
South Korea,1990,52.9,0,0,4.7,0,13.3,33.5,12.4
South Korea,1991,56.3,0,0,3.5,0,20.2,36.8,13.2
South Korea,1992,56.5,0,0,3.1,0,23.1,42.4,19.5
South Korea,1993,58.1,0,0,4.2,0,25.3,53.5,18.9
South Korea,1994,58.7,0,0,2.3,0,37.6,65.1,17.9
South Korea,1995,67,0,0,2.8,0.3,29.6,71.5,29.2
South Korea,1996,73.9,0,0,2.4,0.4,29.8,80.9,34.8
South Korea,1997,77.1,0,0,2.8,0.1,28.1,93.7,42
South Korea,1998,89.7,0,0,4.3,0.1,10.5,102.8,27.9
South Korea,1999,103.1,0,0,4.2,0.1,11.9,110.8,29.9
South Korea,2000,109,0,0,4,0.1,32.5,113.8,29.4
South Korea,2001,112.1,0,0,2.3,0.1,33.9,126.1,33.3
South Korea,2002,119.1,0,0,3.2,0.2,28.7,136,42.5
South Korea,2003,129.7,0,0,4.9,0.2,28,137.7,45
South Korea,2004,130.7,0,0,4.3,0.3,25.8,142.3,62.7
South Korea,2005,146.8,0,0.1,3.7,0.3,23.5,149.2,64
South Korea,2006,148.7,0,0.2,3.5,0.2,21.2,152.7,74.3
South Korea,2007,142.9,0.1,0.4,3.6,0.4,22.5,169.8,83.9
South Korea,2008,151,0.3,0.5,3.1,0.7,13.6,189.7,81
South Korea,2009,147.8,0.6,0.7,2.8,1.3,18.1,208.1,70.6
South Korea,2010,148.6,0.8,0.9,3.7,1.6,16.8,215,102.9
South Korea,2011,154.7,1,0.9,4.6,1.8,14.9,217.6,114.1
South Korea,2012,150.3,1.2,1,4,2,19.3,217.1,126.7
South Korea,2013,138.8,1.7,1.2,4.3,2.8,19.4,217.7,139.5
South Korea,2014,156.4,2.7,1.2,2.8,3.7,13,218.4,128.2
South Korea,2015,164.8,4.2,1.4,2.1,5.3,12.4,225.5,119.7
South Korea,2016,162,5.4,1.8,2.8,6.8,16.8,226.5,127.2
South Korea,2017,148.4,7.5,2.3,2.8,9.2,9.6,250.8,133.8
South Korea,2018,133.5,9.7,2.6,3.4,11.7,10.1,250.9,160.9
South Korea,2019,146,12.1,2.8,2.8,14.3,7.4,238.7,150.8
Taiwan,1965,0,0,0,2.6,0,0,0,0
Taiwan,1966,0,0,0,2.7,0,0,0,0
Taiwan,1967,0,0,0,2.6,0,0,0,0
Taiwan,1968,0,0,0,3.9,0,0,0,0
Taiwan,1969,0,0,0,3.1,0,0,0,0
Taiwan,1970,0,0,0,2.9,0,0,0,0
Taiwan,1971,0,0,0,3.1,0,0,0,0
Taiwan,1972,0,0,0,3.6,0,0,0,0
Taiwan,1973,0,0,0,3.4,0,0,0,0
Taiwan,1974,0,0,0,4.7,0,0,0,0
Taiwan,1975,0,0,0,5.3,0,0,0,0
Taiwan,1976,0,0,0,4.3,0,0,0,0
Taiwan,1977,0.1,0,0,4,0,0,0,0
Taiwan,1978,2.7,0,0,5,0,0,0,0
Taiwan,1979,6.3,0,0,4.6,0,0,0,0
Taiwan,1980,8.2,0,0,2.9,0,0,0,0
Taiwan,1981,10.7,0,0,4.8,0,0,0,0
Taiwan,1982,13.1,0,0,4.8,0,0,0,0
Taiwan,1983,18.9,0,0,5,0,0,0,0
Taiwan,1984,24.6,0,0,4.4,0,0,0,0
Taiwan,1985,28.7,0,0,6,0,5.2,13.9,0
Taiwan,1986,26.9,0,0,6.1,0,7.5,19.7,0
Taiwan,1987,33.1,0,0,5.5,0,6.3,21.9,0
Taiwan,1988,30.7,0,0,4.7,0,15.7,22.3,0
Taiwan,1989,28.3,0,0,4.9,0.3,22.1,26.7,0
Taiwan,1990,32.9,0,0,6.4,0.3,22.2,25.5,1.1
Taiwan,1991,35.3,0,0,3.9,0.4,25.3,30,2.7
Taiwan,1992,33.8,0,0,6.6,0.4,21.8,38.3,2.8
Taiwan,1993,34.4,0,0,4.1,0.4,25.5,45.9,2.4
Taiwan,1994,34.9,0,0,5.1,0.4,26,49.3,5.2
Taiwan,1995,35.3,0,0,4.8,0.5,31.1,51.5,5.6
Taiwan,1996,37.8,0,0,4.7,0.6,27.1,61.2,6
Taiwan,1997,36.3,0,0,5.2,0.5,28.8,66.1,9
Taiwan,1998,36.8,0,0,6.2,0.6,30.1,70.4,14.3
Taiwan,1999,38.4,0,0,5.1,0.8,31.4,74.1,15.4
Taiwan,2000,38.5,0,0,4.6,1.1,30.7,87.3,17.7
Taiwan,2001,35.5,0,0,5.1,1.4,25.7,95.3,20.5
Taiwan,2002,39.6,0,0,2.8,1.7,20.7,102.9,26.2
Taiwan,2003,38.9,0,0,3,1.8,19.4,112.3,28.4
Taiwan,2004,39.5,0,0,3.2,1.8,17.5,115.3,36.2
Taiwan,2005,40,0,0.1,4,1.8,17.2,120,38.9
Taiwan,2006,39.9,0,0.3,4.1,1.8,19.9,124,40.1
Taiwan,2007,40.5,0,0.4,4.4,1.9,16.8,128.4,45
Taiwan,2008,40.8,0,0.6,4.3,1.8,15,122.2,48.5
Taiwan,2009,41.6,0,0.8,3.7,1.7,9.4,120.7,47.3
Taiwan,2010,41.6,0,1,4.2,1.8,11.1,122.3,60.2
Taiwan,2011,42.1,0.1,1.5,4,1.8,9.5,124.5,64.2
Taiwan,2012,40.4,0.2,1.4,5.7,1.8,7.6,122.4,66.3
Taiwan,2013,41.6,0.3,1.6,5.4,1.8,6.8,121.5,68.4
Taiwan,2014,42.4,0.6,1.5,4.3,1.9,8,123.4,73.1
Taiwan,2015,36.5,0.9,1.5,4.5,1.9,12,117.1,79
Taiwan,2016,31.7,1.1,1.5,6.6,1.9,11.9,121.2,83.3
Taiwan,2017,22.4,1.7,1.7,5.4,1.9,12.7,127.9,91.5
Taiwan,2018,27.7,2.7,1.7,4.5,2,8.2,131.2,92.4
Taiwan,2019,32.3,4.1,1.9,5.5,2,5.8,126.4,91.1
